-- phpMyAdmin SQL Dump
-- version 5.2.1
-- https://www.phpmyadmin.net/
--
-- Servidor: 127.0.0.1
-- Tiempo de generación: 01-07-2026 a las 04:13:03
-- Versión del servidor: 10.4.32-MariaDB
-- Versión de PHP: 8.2.12

SET SQL_MODE = "NO_AUTO_VALUE_ON_ZERO";
START TRANSACTION;
SET time_zone = "+00:00";


/*!40101 SET @OLD_CHARACTER_SET_CLIENT=@@CHARACTER_SET_CLIENT */;
/*!40101 SET @OLD_CHARACTER_SET_RESULTS=@@CHARACTER_SET_RESULTS */;
/*!40101 SET @OLD_COLLATION_CONNECTION=@@COLLATION_CONNECTION */;
/*!40101 SET NAMES utf8mb4 */;

--
-- Base de datos: `ric`
--

-- --------------------------------------------------------

--
-- Estructura de tabla para la tabla `abonos_poliza`
--

CREATE TABLE `abonos_poliza` (
  `id` bigint(20) UNSIGNED NOT NULL,
  `id_poliza` bigint(20) UNSIGNED NOT NULL,
  `monto_abonado` decimal(15,2) NOT NULL,
  `fecha_abono` timestamp NOT NULL DEFAULT current_timestamp(),
  `id_usuario` bigint(20) UNSIGNED NOT NULL,
  `comprobante_ruta` varchar(255) DEFAULT NULL,
  `nota` text DEFAULT NULL,
  `created_at` timestamp NULL DEFAULT NULL,
  `updated_at` timestamp NULL DEFAULT NULL
) ENGINE=InnoDB DEFAULT CHARSET=utf8mb4 COLLATE=utf8mb4_unicode_ci;

--
-- Volcado de datos para la tabla `abonos_poliza`
--

INSERT INTO `abonos_poliza` (`id`, `id_poliza`, `monto_abonado`, `fecha_abono`, `id_usuario`, `comprobante_ruta`, `nota`, `created_at`, `updated_at`) VALUES
(1, 20, 200.00, '2026-06-26 06:00:00', 1, NULL, 'Primer pago del paciente', '2026-06-26 23:53:36', '2026-06-26 23:53:36');

-- --------------------------------------------------------

--
-- Estructura de tabla para la tabla `cache`
--

CREATE TABLE `cache` (
  `key` varchar(255) NOT NULL,
  `value` mediumtext NOT NULL,
  `expiration` int(11) NOT NULL
) ENGINE=InnoDB DEFAULT CHARSET=utf8mb4 COLLATE=utf8mb4_unicode_ci;

--
-- Volcado de datos para la tabla `cache`
--

INSERT INTO `cache` (`key`, `value`, `expiration`) VALUES
('laravel-cache-asdasd|127.0.0.1', 'i:1;', 1781927555),
('laravel-cache-asdasd|127.0.0.1:timer', 'i:1781927555;', 1781927555),
('laravel-cache-asdasdads|127.0.0.1', 'i:1;', 1781925142),
('laravel-cache-asdasdads|127.0.0.1:timer', 'i:1781925142;', 1781925142),
('laravel-cache-klasdjlaks|127.0.0.1', 'i:1;', 1781925507),
('laravel-cache-klasdjlaks|127.0.0.1:timer', 'i:1781925507;', 1781925507),
('laravel-cache-lkajsdlkaj|127.0.0.1', 'i:1;', 1781924941),
('laravel-cache-lkajsdlkaj|127.0.0.1:timer', 'i:1781924941;', 1781924941);

-- --------------------------------------------------------

--
-- Estructura de tabla para la tabla `cache_locks`
--

CREATE TABLE `cache_locks` (
  `key` varchar(255) NOT NULL,
  `owner` varchar(255) NOT NULL,
  `expiration` int(11) NOT NULL
) ENGINE=InnoDB DEFAULT CHARSET=utf8mb4 COLLATE=utf8mb4_unicode_ci;

-- --------------------------------------------------------

--
-- Estructura de tabla para la tabla `cajas_fondo`
--

CREATE TABLE `cajas_fondo` (
  `id` bigint(20) UNSIGNED NOT NULL,
  `nombre_caja` varchar(100) NOT NULL,
  `saldo_actual` decimal(15,2) NOT NULL DEFAULT 0.00,
  `es_fondeadora` tinyint(1) NOT NULL DEFAULT 0,
  `activo` tinyint(1) NOT NULL DEFAULT 1,
  `created_at` timestamp NULL DEFAULT NULL,
  `updated_at` timestamp NULL DEFAULT NULL
) ENGINE=InnoDB DEFAULT CHARSET=utf8mb4 COLLATE=utf8mb4_unicode_ci;

-- --------------------------------------------------------

--
-- Estructura de tabla para la tabla `cuentas`
--

CREATE TABLE `cuentas` (
  `id_cuenta` bigint(20) UNSIGNED NOT NULL,
  `id_empresa` bigint(20) UNSIGNED NOT NULL,
  `codigo_cuenta` varchar(50) NOT NULL,
  `nombre_cuenta` varchar(150) NOT NULL,
  `descripcion` text DEFAULT NULL,
  `Naturaleza` varchar(255) DEFAULT NULL,
  `tipo_cuenta` enum('FONDEADORA','RESULTADO','ORDEN') NOT NULL DEFAULT 'RESULTADO',
  `id_cuenta_madre` bigint(20) UNSIGNED DEFAULT NULL,
  `en_uso` tinyint(1) NOT NULL DEFAULT 1,
  `es_cuenta_resultados` tinyint(1) NOT NULL DEFAULT 0,
  `saldo_inicial` decimal(15,2) NOT NULL DEFAULT 0.00,
  `nivel` varchar(50) NOT NULL DEFAULT '1',
  `indice_c` varchar(255) DEFAULT NULL,
  `clave_c` varchar(255) DEFAULT NULL,
  `madre_c` int(11) DEFAULT NULL,
  `empresa_c` int(11) DEFAULT NULL,
  `origen_c` int(11) DEFAULT NULL,
  `depreciacion_c` int(11) DEFAULT NULL,
  `usuario_c` int(11) DEFAULT NULL,
  `fecha_c` timestamp NULL DEFAULT NULL,
  `id_empresa_c` int(11) DEFAULT NULL,
  `fondeo_c` int(11) DEFAULT 0,
  `cuenta_resultados` int(11) DEFAULT 0,
  `regimen_c` varchar(255) DEFAULT NULL,
  `check_resultados` varchar(255) DEFAULT NULL,
  `check_uso` varchar(255) DEFAULT NULL,
  `created_at` timestamp NULL DEFAULT NULL,
  `updated_at` timestamp NULL DEFAULT NULL
) ENGINE=InnoDB DEFAULT CHARSET=utf8mb4 COLLATE=utf8mb4_unicode_ci;

--
-- Volcado de datos para la tabla `cuentas`
--

INSERT INTO `cuentas` (`id_cuenta`, `id_empresa`, `codigo_cuenta`, `nombre_cuenta`, `descripcion`, `Naturaleza`, `tipo_cuenta`, `id_cuenta_madre`, `en_uso`, `es_cuenta_resultados`, `saldo_inicial`, `nivel`, `indice_c`, `clave_c`, `madre_c`, `empresa_c`, `origen_c`, `depreciacion_c`, `usuario_c`, `fecha_c`, `id_empresa_c`, `fondeo_c`, `cuenta_resultados`, `regimen_c`, `check_resultados`, `check_uso`, `created_at`, `updated_at`) VALUES
(644, 21, 'PERSONA', 'PERSONA', 'DESCRIPCION DE LA CUENTA PRINCIPAL PARA LA EMPRESA PERSONA', NULL, 'RESULTADO', 644, 1, 0, 0.00, '0', NULL, NULL, NULL, NULL, NULL, NULL, NULL, NULL, NULL, 0, 0, NULL, NULL, NULL, '2026-06-22 05:49:37', '2026-06-22 05:49:37'),
(645, 21, 'AC021', 'ACTIVOS', 'CUENTA DE ACTIVOS PARA LA EMPRESA PERSONA', NULL, 'FONDEADORA', 644, 1, 0, 0.00, '1', NULL, NULL, NULL, NULL, NULL, NULL, NULL, NULL, NULL, 0, 0, NULL, NULL, NULL, '2026-06-22 05:49:37', '2026-06-22 05:49:37'),
(646, 21, 'CI021', 'ACTIVO CIRCULANTE', 'CUENTA DE ACTIVO CIRCULANTE PARA LA EMPRESA PERSONA', NULL, 'FONDEADORA', 645, 1, 0, 0.00, '2', NULL, NULL, NULL, NULL, NULL, NULL, NULL, NULL, NULL, 0, 0, NULL, NULL, NULL, '2026-06-22 05:49:37', '2026-06-22 05:49:37'),
(647, 21, 'CJ021', 'FONDO FIJO DE CAJA', 'CUENTA DE FONDO FIJO DE CAJA PARA LA EMPRESA PERSONA', 'DEUDORA', 'FONDEADORA', 646, 1, 0, 0.00, '3', NULL, NULL, NULL, NULL, NULL, NULL, NULL, NULL, NULL, 0, 0, NULL, NULL, NULL, '2026-06-22 05:49:37', '2026-06-22 05:49:37'),
(648, 21, 'BC021', 'BANCOS', 'CUENTA DE BANCOS PARA LA EMPRESA PERSONA', 'DEUDORA', 'FONDEADORA', 646, 1, 0, 0.00, '3', NULL, NULL, NULL, NULL, NULL, NULL, NULL, NULL, NULL, 0, 0, NULL, NULL, NULL, '2026-06-22 05:49:37', '2026-06-22 05:49:37'),
(649, 21, 'CL021', 'CLIENTES', 'CUENTA DE CLIENTES PARA LA EMPRESA PERSONA', 'DEUDORA', 'FONDEADORA', 646, 1, 0, 0.00, '3', NULL, NULL, NULL, NULL, NULL, NULL, NULL, NULL, NULL, 0, 0, NULL, NULL, NULL, '2026-06-22 05:49:37', '2026-06-22 05:49:37'),
(650, 21, 'DC021', 'DOCUMENTOS POR COBRAR', 'CUENTA DE DOCUMENTOS POR COBRAR PARA LA EMPRESA PERSONA', 'DEUDORA', 'FONDEADORA', 646, 1, 0, 0.00, '3', NULL, NULL, NULL, NULL, NULL, NULL, NULL, NULL, NULL, 0, 0, NULL, NULL, NULL, '2026-06-22 05:49:37', '2026-06-22 05:49:37'),
(651, 21, 'DD021', 'DEUDORES DIVERSOS', 'CUENTA DE DEUDORES DIVERSOS PARA LA EMPRESA PERSONA', 'DEUDORA', 'FONDEADORA', 646, 1, 0, 0.00, '3', NULL, NULL, NULL, NULL, NULL, NULL, NULL, NULL, NULL, 0, 0, NULL, NULL, NULL, '2026-06-22 05:49:37', '2026-06-22 05:49:37'),
(652, 21, 'FE021', 'FUNCIONARIOS Y EMPLEADOS', 'CUENTA DE FUNCIONARIOS Y EMPLEADOS PARA LA EMPRESA PERSONA', 'DEUDORA', 'FONDEADORA', 646, 1, 0, 0.00, '3', NULL, NULL, NULL, NULL, NULL, NULL, NULL, NULL, NULL, 0, 0, NULL, NULL, NULL, '2026-06-22 05:49:37', '2026-06-22 05:49:37'),
(653, 21, 'IV021', 'IVA ACREDITABLE', 'CUENTA DE IVA ACREDITABLE PARA LA EMPRESA PERSONA', 'DEUDORA', 'FONDEADORA', 646, 1, 0, 0.00, '3', NULL, NULL, NULL, NULL, NULL, NULL, NULL, NULL, NULL, 0, 0, NULL, NULL, NULL, '2026-06-22 05:49:37', '2026-06-22 05:49:37'),
(654, 21, 'AL021', 'ALMACEN', 'CUENTA DE ALMACEN PARA LA EMPRESA PERSONA', 'DEUDORA', 'FONDEADORA', 646, 1, 0, 0.00, '3', NULL, NULL, NULL, NULL, NULL, NULL, NULL, NULL, NULL, 0, 0, NULL, NULL, NULL, '2026-06-22 05:49:37', '2026-06-22 05:49:37'),
(655, 21, 'DE021', 'DEPOSITOS EN GARANTIA', 'CUENTA DE DEPOSITOS EN GARANTIA PARA LA EMPRESA PERSONA', 'DEUDORA', 'FONDEADORA', 646, 1, 0, 0.00, '3', NULL, NULL, NULL, NULL, NULL, NULL, NULL, NULL, NULL, 0, 0, NULL, NULL, NULL, '2026-06-22 05:49:37', '2026-06-22 05:49:37'),
(656, 21, 'FI021', 'ACTIVO FIJO', 'CUENTA DE ACTIVO FIJO PARA LA EMPRESA PERSONA', NULL, 'FONDEADORA', 645, 1, 0, 0.00, '2', NULL, NULL, NULL, NULL, NULL, NULL, NULL, NULL, NULL, 0, 0, NULL, NULL, NULL, '2026-06-22 05:49:37', '2026-06-22 05:49:37'),
(657, 21, 'TR021', 'TERRENOS', 'CUENTA DE TERRENOS PARA LA EMPRESA PERSONA', 'DEUDORA', 'FONDEADORA', 656, 1, 0, 0.00, '3', NULL, NULL, NULL, NULL, NULL, NULL, NULL, NULL, NULL, 0, 0, NULL, NULL, NULL, '2026-06-22 05:49:37', '2026-06-22 05:49:37'),
(658, 21, 'ED021', 'EDIFICIOS Y CONSTRUCCIONES', 'CUENTA DE EDIFICIOS Y CONSTRUCCIONES PARA LA EMPRESA PERSONA', 'DEUDORA', 'FONDEADORA', 656, 1, 0, 0.00, '3', NULL, NULL, NULL, NULL, NULL, NULL, NULL, NULL, NULL, 0, 0, NULL, NULL, NULL, '2026-06-22 05:49:37', '2026-06-22 05:49:37'),
(659, 21, 'EC021', 'DEPRECIACION DE EDIFICIOS Y CONSTRUCCIONES', 'CUENTA DE DEPRECIACION DE EDIFICIOS Y CONSTRUCCIONES PARA LA EMPRESA PERSONA', 'ACREEDORA', 'FONDEADORA', 656, 1, 0, 0.00, '3', NULL, NULL, NULL, NULL, NULL, NULL, NULL, NULL, NULL, 0, 0, NULL, NULL, NULL, '2026-06-22 05:49:37', '2026-06-22 05:49:37'),
(660, 21, 'ME021', 'MAQUINARIA Y EQUIPO', 'CUENTA DE MAQUINARIA Y EQUIPO PARA LA EMPRESA PERSONA', 'DEUDORA', 'FONDEADORA', 656, 1, 0, 0.00, '3', NULL, NULL, NULL, NULL, NULL, NULL, NULL, NULL, NULL, 0, 0, NULL, NULL, NULL, '2026-06-22 05:49:37', '2026-06-22 05:49:37'),
(661, 21, 'DY021', 'DEPRECIACION DE MAQUINARIA Y EQUIPO', 'CUENTA DE DEPRECIACION DE MAQUINARIA Y EQUIPO PARA LA EMPRESA PERSONA', 'ACREEDORA', 'FONDEADORA', 656, 1, 0, 0.00, '3', NULL, NULL, NULL, NULL, NULL, NULL, NULL, NULL, NULL, 0, 0, NULL, NULL, NULL, '2026-06-22 05:49:37', '2026-06-22 05:49:37'),
(662, 21, 'EO021', 'EQUIPO DE OFICINA', 'CUENTA DE EQUIPO DE OFICINA PARA LA EMPRESA PERSONA', 'DEUDORA', 'FONDEADORA', 656, 1, 0, 0.00, '3', NULL, NULL, NULL, NULL, NULL, NULL, NULL, NULL, NULL, 0, 0, NULL, NULL, NULL, '2026-06-22 05:49:37', '2026-06-22 05:49:37'),
(663, 21, 'DO021', 'DEPRECIACION DE EQUIPO DE OFICINA', 'CUENTA DE DEPRECIACION DE EQUIPO DE OFICINA PARA LA EMPRESA PERSONA', 'ACREEDORA', 'FONDEADORA', 656, 1, 0, 0.00, '3', NULL, NULL, NULL, NULL, NULL, NULL, NULL, NULL, NULL, 0, 0, NULL, NULL, NULL, '2026-06-22 05:49:37', '2026-06-22 05:49:37'),
(664, 21, 'ER021', 'EQUIPO DE TRANSPORTE', 'CUENTA DE EQUIPO DE TRANSPORTE PARA LA EMPRESA PERSONA', 'DEUDORA', 'FONDEADORA', 656, 1, 0, 0.00, '3', NULL, NULL, NULL, NULL, NULL, NULL, NULL, NULL, NULL, 0, 0, NULL, NULL, NULL, '2026-06-22 05:49:37', '2026-06-22 05:49:37'),
(665, 21, 'DT021', 'DEPRECIACION DE EQUIPO DE TRANSPORTE', 'CUENTA DE DEPRECIACION DE EQUIPO DE TRANSPORTE PARA LA EMPRESA PERSONA', 'ACREEDORA', 'FONDEADORA', 656, 1, 0, 0.00, '3', NULL, NULL, NULL, NULL, NULL, NULL, NULL, NULL, NULL, 0, 0, NULL, NULL, NULL, '2026-06-22 05:49:37', '2026-06-22 05:49:37'),
(666, 21, 'CD021', 'ACTIVO DIFERIDO', 'CUENTA DE ACTIVO DIFERIDO PARA LA EMPRESA PERSONA', NULL, 'FONDEADORA', 645, 1, 0, 0.00, '2', NULL, NULL, NULL, NULL, NULL, NULL, NULL, NULL, NULL, 0, 0, NULL, NULL, NULL, '2026-06-22 05:49:37', '2026-06-22 05:49:37'),
(667, 21, 'GO021', 'GASTOS DE ORGANIZACION', 'CUENTA DE GASTOS DE ORGANIZACION PARA LA EMPRESA PERSONA', 'DEUDORA', 'FONDEADORA', 666, 1, 0, 0.00, '3', NULL, NULL, NULL, NULL, NULL, NULL, NULL, NULL, NULL, 0, 0, NULL, NULL, NULL, '2026-06-22 05:49:37', '2026-06-22 05:49:37'),
(668, 21, 'AG021', 'AMORTIZACION DE GASTOS DE ORGANIZACION', 'CUENTA DE AMORTIZACION DE GASTOS DE ORGANIZACION PARA LA EMPRESA PERSONA', 'ACREEDORA', 'FONDEADORA', 666, 1, 0, 0.00, '3', NULL, NULL, NULL, NULL, NULL, NULL, NULL, NULL, NULL, 0, 0, NULL, NULL, NULL, '2026-06-22 05:49:37', '2026-06-22 05:49:37'),
(669, 21, 'AN021', 'PAGOS POR ANTICIPADO', 'CUENTA DE PAGOS POR ANTICIPADO PARA LA EMPRESA PERSONA', 'DEUDORA', 'FONDEADORA', 666, 1, 0, 0.00, '3', NULL, NULL, NULL, NULL, NULL, NULL, NULL, NULL, NULL, 0, 0, NULL, NULL, NULL, '2026-06-22 05:49:37', '2026-06-22 05:49:37'),
(670, 21, 'IN021', 'INVERSIONES EN ACCIONES', 'CUENTA DE INVERSIONES EN ACCIONES PARA LA EMPRESA PERSONA', 'DEUDORA', 'FONDEADORA', 666, 1, 0, 0.00, '3', NULL, NULL, NULL, NULL, NULL, NULL, NULL, NULL, NULL, 0, 0, NULL, NULL, NULL, '2026-06-22 05:49:37', '2026-06-22 05:49:37'),
(671, 21, 'PA021', 'PASIVOS', 'CUENTA DE PASIVOS PARA LA EMPRESA PERSONA', NULL, 'FONDEADORA', 644, 1, 0, 0.00, '1', NULL, NULL, NULL, NULL, NULL, NULL, NULL, NULL, NULL, 0, 0, NULL, NULL, NULL, '2026-06-22 05:49:37', '2026-06-22 05:49:37'),
(672, 21, 'PF021', 'PASIVO FIJO', 'CUENTA DE PASIVO FIJO PARA LA EMPRESA PERSONA', NULL, 'FONDEADORA', 671, 1, 0, 0.00, '2', NULL, NULL, NULL, NULL, NULL, NULL, NULL, NULL, NULL, 0, 0, NULL, NULL, NULL, '2026-06-22 05:49:37', '2026-06-22 05:49:37'),
(673, 21, 'PB021', 'PRESTAMOS BANCARIOS A LARGO PLAZO', 'CUENTA DE PRESTAMOS BANCARIOS A LARGO PLAZO PARA LA EMPRESA PERSONA', 'ACREEDORA', 'FONDEADORA', 672, 1, 0, 0.00, '3', NULL, NULL, NULL, NULL, NULL, NULL, NULL, NULL, NULL, 0, 0, NULL, NULL, NULL, '2026-06-22 05:49:37', '2026-06-22 05:49:37'),
(674, 21, 'DX021', 'DOCUMENTOS POR PAGAR LARGO PLAZO', 'CUENTA DE DOCUMENTOS POR PAGAR LARGO PLAZO PARA LA EMPRESA PERSONA', 'ACREEDORA', 'FONDEADORA', 672, 1, 0, 0.00, '3', NULL, NULL, NULL, NULL, NULL, NULL, NULL, NULL, NULL, 0, 0, NULL, NULL, NULL, '2026-06-22 05:49:37', '2026-06-22 05:49:37'),
(675, 21, 'PD021', 'PASIVO DIFERIDO', 'CUENTA DE PASIVO DIFERIDO PARA LA EMPRESA PERSONA', NULL, 'FONDEADORA', 671, 1, 0, 0.00, '2', NULL, NULL, NULL, NULL, NULL, NULL, NULL, NULL, NULL, 0, 0, NULL, NULL, NULL, '2026-06-22 05:49:37', '2026-06-22 05:49:37'),
(676, 21, 'RA021', 'RENTAS COBRADAS ANTICIPADAMENTE', 'CUENTA DE RENTAS COBRADAS ANTICIPADAMENTE PARA LA EMPRESA PERSONA', 'ACREEDORA', 'FONDEADORA', 675, 1, 0, 0.00, '3', NULL, NULL, NULL, NULL, NULL, NULL, NULL, NULL, NULL, 0, 0, NULL, NULL, NULL, '2026-06-22 05:49:37', '2026-06-22 05:49:37'),
(677, 21, 'IC021', 'INTERESES COBRADOS ANTICIPADAMENTE', 'CUENTA DE INTERESES COBRADOS ANTICIPADAMENTE PARA LA EMPRESA PERSONA', 'ACREEDORA', 'FONDEADORA', 675, 1, 0, 0.00, '3', NULL, NULL, NULL, NULL, NULL, NULL, NULL, NULL, NULL, 0, 0, NULL, NULL, NULL, '2026-06-22 05:49:37', '2026-06-22 05:49:37'),
(678, 21, 'CA021', 'CAPITAL', 'CUENTA DE CAPITAL PARA LA EMPRESA PERSONA', NULL, 'FONDEADORA', 644, 1, 0, 0.00, '1', NULL, NULL, NULL, NULL, NULL, NULL, NULL, NULL, NULL, 0, 0, NULL, NULL, NULL, '2026-06-22 05:49:37', '2026-06-22 05:49:37'),
(679, 21, 'CS021', 'CAPITAL SOCIAL', 'CUENTA DE CAPITAL SOCIAL PARA LA EMPRESA PERSONA', 'ACREEDORA', 'FONDEADORA', 678, 1, 0, 0.00, '2', NULL, NULL, NULL, NULL, NULL, NULL, NULL, NULL, NULL, 0, 0, NULL, NULL, NULL, '2026-06-22 05:49:37', '2026-06-22 05:49:37'),
(680, 21, 'FJ021', 'CAPITAL FIJO', 'CUENTA DE CAPITAL FIJO PARA LA EMPRESA PERSONA', 'ACREEDORA', 'FONDEADORA', 678, 1, 0, 0.00, '2', NULL, NULL, NULL, NULL, NULL, NULL, NULL, NULL, NULL, 0, 0, NULL, NULL, NULL, '2026-06-22 05:49:37', '2026-06-22 05:49:37'),
(681, 21, 'CV021', 'CAPITAL VARIABLE', 'CUENTA DE CAPITAL VARIABLE PARA LA EMPRESA PERSONA', 'ACREEDORA', 'FONDEADORA', 678, 1, 0, 0.00, '2', NULL, NULL, NULL, NULL, NULL, NULL, NULL, NULL, NULL, 0, 0, NULL, NULL, NULL, '2026-06-22 05:49:37', '2026-06-22 05:49:37'),
(682, 21, 'RL021', 'RESERVA LEGAL', 'CUENTA DE RESERVA LEGAL PARA LA EMPRESA PERSONA', 'ACREEDORA', 'FONDEADORA', 678, 1, 0, 0.00, '2', NULL, NULL, NULL, NULL, NULL, NULL, NULL, NULL, NULL, 0, 0, NULL, NULL, NULL, '2026-06-22 05:49:37', '2026-06-22 05:49:37'),
(683, 21, 'EA021', 'RESULTADO DE EJERCICIOS ANTERIORES', 'CUENTA DE RESULTADO DE EJERCICIOS ANTERIORES PARA LA EMPRESA PERSONA', 'ACREEDORA', 'FONDEADORA', 678, 1, 0, 0.00, '2', NULL, NULL, NULL, NULL, NULL, NULL, NULL, NULL, NULL, 0, 0, NULL, NULL, NULL, '2026-06-22 05:49:37', '2026-06-22 05:49:37'),
(684, 21, 'SV021', 'SUPERAVIT', 'CUENTA DE SUPERAVIT PARA LA EMPRESA PERSONA', 'ACREEDORA', 'FONDEADORA', 678, 1, 0, 0.00, '2', NULL, NULL, NULL, NULL, NULL, NULL, NULL, NULL, NULL, 0, 0, NULL, NULL, NULL, '2026-06-22 05:49:37', '2026-06-22 05:49:37'),
(685, 21, 'RE021', 'RESULTADOS', 'CUENTA DE RESULTADOS PARA LA EMPRESA PERSONA', NULL, 'RESULTADO', 644, 1, 1, 0.00, '1', NULL, NULL, NULL, NULL, NULL, NULL, NULL, NULL, NULL, 0, 0, NULL, NULL, NULL, '2026-06-22 05:49:37', '2026-06-22 05:49:37'),
(686, 21, 'VT021', 'VENTAS TOTALES', 'CUENTA DE VENTAS TOTALES PARA LA EMPRESA PERSONA', 'ACREEDORA', 'RESULTADO', 685, 1, 1, 0.00, '2', NULL, NULL, NULL, NULL, NULL, NULL, NULL, NULL, NULL, 0, 0, NULL, NULL, NULL, '2026-06-22 05:49:37', '2026-06-22 05:49:37'),
(687, 21, 'DV021', 'DEVOLUCIONES SOBRE VENTAS', 'CUENTA DE DEVOLUCIONES SOBRE VENTAS PARA LA EMPRESA PERSONA', 'DEUDORA', 'RESULTADO', 685, 1, 1, 0.00, '2', NULL, NULL, NULL, NULL, NULL, NULL, NULL, NULL, NULL, 0, 0, NULL, NULL, NULL, '2026-06-22 05:49:37', '2026-06-22 05:49:37'),
(688, 21, 'RV021', 'REBAJAS SOBRE VENTAS', 'CUENTA DE REBAJAS SOBRE VENTAS PARA LA EMPRESA PERSONA', 'DEUDORA', 'RESULTADO', 685, 1, 1, 0.00, '2', NULL, NULL, NULL, NULL, NULL, NULL, NULL, NULL, NULL, 0, 0, NULL, NULL, NULL, '2026-06-22 05:49:37', '2026-06-22 05:49:37'),
(689, 21, 'FN021', 'PRODUCTOS FINANCIEROS', 'CUENTA DE PRODUCTOS FINANCIEROS PARA LA EMPRESA PERSONA', 'ACREEDORA', 'RESULTADO', 685, 1, 1, 0.00, '2', NULL, NULL, NULL, NULL, NULL, NULL, NULL, NULL, NULL, 0, 0, NULL, NULL, NULL, '2026-06-22 05:49:37', '2026-06-22 05:49:37'),
(690, 21, 'OP021', 'OTROS PRODUCTOS', 'CUENTA DE OTROS PRODUCTOS PARA LA EMPRESA PERSONA', 'ACREEDORA', 'RESULTADO', 685, 1, 1, 0.00, '2', NULL, NULL, NULL, NULL, NULL, NULL, NULL, NULL, NULL, 0, 0, NULL, NULL, NULL, '2026-06-22 05:49:37', '2026-06-22 05:49:37'),
(691, 21, 'VN021', 'COSTO DE VENTAS', 'CUENTA DE COSTO DE VENTAS PARA LA EMPRESA PERSONA', 'DEUDORA', 'RESULTADO', 685, 1, 1, 0.00, '2', NULL, NULL, NULL, NULL, NULL, NULL, NULL, NULL, NULL, 0, 0, NULL, NULL, NULL, '2026-06-22 05:49:37', '2026-06-22 05:49:37'),
(692, 21, 'GA021', 'GASTOS DE ADMINISTRACION', 'CUENTA DE GASTOS DE ADMINISTRACION PARA LA EMPRESA PERSONA', 'DEUDORA', 'RESULTADO', 685, 1, 1, 0.00, '2', NULL, NULL, NULL, NULL, NULL, NULL, NULL, NULL, NULL, 0, 0, NULL, NULL, NULL, '2026-06-22 05:49:37', '2026-06-22 05:49:37'),
(693, 21, 'GV021', 'GASTOS DE VENTAS', 'CUENTA DE GASTOS DE VENTAS PARA LA EMPRESA PERSONA', 'DEUDORA', 'RESULTADO', 685, 1, 1, 0.00, '2', NULL, NULL, NULL, NULL, NULL, NULL, NULL, NULL, NULL, 0, 0, NULL, NULL, NULL, '2026-06-22 05:49:37', '2026-06-22 05:49:37'),
(694, 21, 'GF021', 'GASTOS FINANCIEROS', 'CUENTA DE GASTOS FINANCIEROS PARA LA EMPRESA PERSONA', 'DEUDORA', 'RESULTADO', 685, 1, 1, 0.00, '2', NULL, NULL, NULL, NULL, NULL, NULL, NULL, NULL, NULL, 0, 0, NULL, NULL, NULL, '2026-06-22 05:49:37', '2026-06-22 05:49:37'),
(695, 21, 'OG021', 'OTROS GASTOS', 'CUENTA DE OTROS GASTOS PARA LA EMPRESA PERSONA', 'DEUDORA', 'RESULTADO', 685, 1, 1, 0.00, '2', NULL, NULL, NULL, NULL, NULL, NULL, NULL, NULL, NULL, 0, 0, NULL, NULL, NULL, '2026-06-22 05:49:37', '2026-06-22 05:49:37'),
(696, 21, 'PR021', 'PERDIDA INFLACIONARIA', 'CUENTA DE PERDIDA INFLACIONARIA PARA LA EMPRESA PERSONA', 'DEUDORA', 'RESULTADO', 685, 1, 1, 0.00, '2', NULL, NULL, NULL, NULL, NULL, NULL, NULL, NULL, NULL, 0, 0, NULL, NULL, NULL, '2026-06-22 05:49:37', '2026-06-22 05:49:37'),
(697, 21, 'ID021', 'INTERESES DEDUCIBLES', 'CUENTA DE INTERESES DEDUCIBLES PARA LA EMPRESA PERSONA', 'DEUDORA', 'RESULTADO', 685, 1, 1, 0.00, '2', NULL, NULL, NULL, NULL, NULL, NULL, NULL, NULL, NULL, 0, 0, NULL, NULL, NULL, '2026-06-22 05:49:37', '2026-06-22 05:49:37'),
(698, 21, 'GI021', 'GANANCIA INFLACIONARIA', 'CUENTA DE GANANCIA INFLACIONARIA PARA LA EMPRESA PERSONA', 'ACREEDORA', 'RESULTADO', 685, 1, 1, 0.00, '2', NULL, NULL, NULL, NULL, NULL, NULL, NULL, NULL, NULL, 0, 0, NULL, NULL, NULL, '2026-06-22 05:49:37', '2026-06-22 05:49:37'),
(699, 21, 'AM021', 'PERDIDAS POR AMORTIZAR', 'CUENTA DE PERDIDAS POR AMORTIZAR PARA LA EMPRESA PERSONA', 'DEUDORA', 'RESULTADO', 685, 1, 1, 0.00, '2', NULL, NULL, NULL, NULL, NULL, NULL, NULL, NULL, NULL, 0, 0, NULL, NULL, NULL, '2026-06-22 05:49:37', '2026-06-22 05:49:37'),
(700, 21, 'VC021', 'INGRESOS VARIACION CAMBIARIA', 'CUENTA DE INGRESOS VARIACION CAMBIARIA PARA LA EMPRESA PERSONA', 'ACREEDORA', 'RESULTADO', 685, 1, 1, 0.00, '2', NULL, NULL, NULL, NULL, NULL, NULL, NULL, NULL, NULL, 0, 0, NULL, NULL, NULL, '2026-06-22 05:49:37', '2026-06-22 05:49:37'),
(701, 21, 'GC021', 'GASTOS VARIACION CAMBIARIA', 'CUENTA DE GASTOS VARIACION CAMBIARIA PARA LA EMPRESA PERSONA', 'DEUDORA', 'RESULTADO', 685, 1, 1, 0.00, '2', NULL, NULL, NULL, NULL, NULL, NULL, NULL, NULL, NULL, 0, 0, NULL, NULL, NULL, '2026-06-22 05:49:37', '2026-06-22 05:49:37'),
(702, 22, 'RIC2', 'RIC2', 'DESCRIPCION DE LA CUENTA PRINCIPAL PARA LA EMPRESA RIC2', NULL, 'RESULTADO', 702, 1, 0, 0.00, '0', '22', 'RIC2', NULL, 702, NULL, NULL, 1, '2026-06-22 06:12:27', 22, 0, 0, NULL, NULL, NULL, '2026-06-22 06:12:27', '2026-06-22 06:12:27'),
(703, 22, 'AC022', 'ACTIVOS', 'CUENTA DE ACTIVOS PARA LA EMPRESA RIC2', NULL, 'FONDEADORA', 702, 1, 0, 0.00, '1', '22-001', 'AC022', 702, 702, NULL, NULL, 1, '2026-06-22 06:12:27', 22, 0, 0, NULL, NULL, NULL, '2026-06-22 06:12:27', '2026-07-01 01:09:21'),
(704, 22, 'CI022', 'ACTIVO CIRCULANTE', 'CUENTA DE ACTIVO CIRCULANTE PARA LA EMPRESA RIC2', NULL, 'FONDEADORA', 703, 1, 0, 0.00, '2', '22-001-001', 'CI022', 703, 702, NULL, NULL, 1, '2026-06-22 06:12:27', 22, 0, 0, NULL, NULL, NULL, '2026-06-22 06:12:27', '2026-06-22 06:12:27'),
(705, 22, 'CJ022', 'FONDO FIJO DE CAJA', 'CUENTA DE FONDO FIJO DE CAJA PARA LA EMPRESA RIC2', 'DEUDORA', 'FONDEADORA', 704, 1, 0, 0.00, '3', '22-001-001-001', 'CJ022', 704, 702, 704, NULL, 1, '2026-06-22 06:12:27', 22, 0, 0, NULL, NULL, NULL, '2026-06-22 06:12:27', '2026-06-22 06:12:27'),
(706, 22, 'BC022', 'BANCOS', 'CUENTA DE BANCOS PARA LA EMPRESA RIC2', 'DEUDORA', 'FONDEADORA', 704, 1, 0, 299.99, '3', '22-001-001-002', 'BC022', 704, 702, 704, NULL, 1, '2026-06-22 06:12:27', 22, 0, 0, NULL, NULL, NULL, '2026-06-22 06:12:27', '2026-06-27 09:19:26'),
(707, 22, 'CL022', 'CLIENTES', 'CUENTA DE CLIENTES PARA LA EMPRESA RIC2', 'DEUDORA', 'FONDEADORA', 704, 1, 0, 0.00, '3', '22-001-001-003', 'CL022', 704, 702, 704, NULL, 1, '2026-06-22 06:12:27', 22, 0, 0, NULL, NULL, NULL, '2026-06-22 06:12:27', '2026-06-22 06:12:27'),
(708, 22, 'DC022', 'DOCUMENTOS POR COBRAR', 'CUENTA DE DOCUMENTOS POR COBRAR PARA LA EMPRESA RIC2', 'DEUDORA', 'FONDEADORA', 704, 1, 0, 0.00, '3', '22-001-001-004', 'DC022', 704, 702, 704, NULL, 1, '2026-06-22 06:12:27', 22, 0, 0, NULL, NULL, NULL, '2026-06-22 06:12:27', '2026-06-22 06:12:27'),
(709, 22, 'DD022', 'DEUDORES DIVERSOS', 'CUENTA DE DEUDORES DIVERSOS PARA LA EMPRESA RIC2', 'DEUDORA', 'FONDEADORA', 704, 1, 0, 0.00, '3', '22-001-001-005', 'DD022', 704, 702, 704, NULL, 1, '2026-06-22 06:12:27', 22, 0, 0, NULL, NULL, NULL, '2026-06-22 06:12:27', '2026-06-22 06:12:27'),
(710, 22, 'FE022', 'FUNCIONARIOS Y EMPLEADOS', 'CUENTA DE FUNCIONARIOS Y EMPLEADOS PARA LA EMPRESA RIC2', 'DEUDORA', 'FONDEADORA', 704, 1, 0, 0.00, '3', '22-001-001-006', 'FE022', 704, 702, 704, NULL, 1, '2026-06-22 06:12:27', 22, 0, 0, NULL, NULL, NULL, '2026-06-22 06:12:27', '2026-06-22 06:12:27'),
(711, 22, 'IV022', 'IVA ACREDITABLE', 'CUENTA DE IVA ACREDITABLE PARA LA EMPRESA RIC2', 'DEUDORA', 'FONDEADORA', 704, 1, 0, 0.00, '3', '22-001-001-007', 'IV022', 704, 702, 704, NULL, 1, '2026-06-22 06:12:27', 22, 0, 0, NULL, NULL, NULL, '2026-06-22 06:12:27', '2026-06-22 06:12:27'),
(712, 22, 'AL022', 'ALMACEN', 'CUENTA DE ALMACEN PARA LA EMPRESA RIC2', 'DEUDORA', 'FONDEADORA', 704, 1, 0, 0.00, '3', '22-001-001-008', 'AL022', 704, 702, 704, NULL, 1, '2026-06-22 06:12:27', 22, 0, 0, NULL, NULL, NULL, '2026-06-22 06:12:27', '2026-06-22 06:12:27'),
(713, 22, 'DE022', 'DEPOSITOS EN GARANTIA', 'CUENTA DE DEPOSITOS EN GARANTIA PARA LA EMPRESA RIC2', 'DEUDORA', 'FONDEADORA', 704, 1, 0, 0.00, '3', '22-001-001-009', 'DE022', 704, 702, 704, NULL, 1, '2026-06-22 06:12:27', 22, 0, 0, NULL, NULL, NULL, '2026-06-22 06:12:27', '2026-06-22 06:12:27'),
(714, 22, 'FI022', 'ACTIVO FIJO', 'CUENTA DE ACTIVO FIJO PARA LA EMPRESA RIC2', NULL, 'FONDEADORA', 703, 1, 0, 0.00, '2', '22-001-002', 'FI022', 703, 702, NULL, NULL, 1, '2026-06-22 06:12:27', 22, 0, 0, NULL, NULL, NULL, '2026-06-22 06:12:27', '2026-06-26 21:01:28'),
(715, 22, 'TR022', 'TERRENOS', 'CUENTA DE TERRENOS PARA LA EMPRESA RIC2', 'DEUDORA', 'FONDEADORA', 714, 1, 0, 0.00, '3', '22-001-002-001', 'TR022', 714, 702, 714, NULL, 1, '2026-06-22 06:12:27', 22, 0, 0, NULL, NULL, NULL, '2026-06-22 06:12:27', '2026-06-22 06:12:27'),
(716, 22, 'ED022', 'EDIFICIOS Y CONSTRUCCIONES', 'CUENTA DE EDIFICIOS Y CONSTRUCCIONES PARA LA EMPRESA RIC2', 'DEUDORA', 'FONDEADORA', 714, 1, 0, 0.00, '3', '22-001-002-002', 'ED022', 714, 702, 714, NULL, 1, '2026-06-22 06:12:27', 22, 0, 0, NULL, NULL, NULL, '2026-06-22 06:12:27', '2026-06-22 06:12:27'),
(717, 22, 'EC022', 'DEPRECIACION DE EDIFICIOS Y CONSTRUCCIONES', 'CUENTA DE DEPRECIACION DE EDIFICIOS Y CONSTRUCCIONES PARA LA EMPRESA RIC2', 'ACREEDORA', 'FONDEADORA', 714, 1, 0, 350.00, '3', '22-001-002-003', 'EC022', 714, 702, 714, NULL, 1, '2026-06-22 06:12:27', 22, 0, 0, NULL, NULL, NULL, '2026-06-22 06:12:27', '2026-06-27 10:00:03'),
(718, 22, 'ME022', 'MAQUINARIA Y EQUIPO', 'CUENTA DE MAQUINARIA Y EQUIPO PARA LA EMPRESA RIC2', 'DEUDORA', 'FONDEADORA', 714, 1, 0, 0.00, '3', '22-001-002-004', 'ME022', 714, 702, 714, NULL, 1, '2026-06-22 06:12:27', 22, 0, 0, NULL, NULL, NULL, '2026-06-22 06:12:27', '2026-06-22 06:12:27'),
(719, 22, 'DY022', 'DEPRECIACION DE MAQUINARIA Y EQUIPO', 'CUENTA DE DEPRECIACION DE MAQUINARIA Y EQUIPO PARA LA EMPRESA RIC2', 'ACREEDORA', 'FONDEADORA', 714, 1, 0, 0.00, '3', '22-001-002-005', 'DY022', 714, 702, 714, NULL, 1, '2026-06-22 06:12:27', 22, 0, 0, NULL, NULL, NULL, '2026-06-22 06:12:27', '2026-06-22 06:12:27'),
(720, 22, 'EO022', 'EQUIPO DE OFICINA', 'CUENTA DE EQUIPO DE OFICINA PARA LA EMPRESA RIC2', 'DEUDORA', 'FONDEADORA', 714, 1, 0, 0.00, '3', '22-001-002-006', 'EO022', 714, 702, 714, NULL, 1, '2026-06-22 06:12:27', 22, 0, 0, NULL, NULL, NULL, '2026-06-22 06:12:27', '2026-06-22 06:12:27'),
(721, 22, 'DO022', 'DEPRECIACION DE EQUIPO DE OFICINA', 'CUENTA DE DEPRECIACION DE EQUIPO DE OFICINA PARA LA EMPRESA RIC2', 'ACREEDORA', 'FONDEADORA', 714, 1, 0, 0.00, '3', '22-001-002-007', 'DO022', 714, 702, 714, NULL, 1, '2026-06-22 06:12:27', 22, 0, 0, NULL, NULL, NULL, '2026-06-22 06:12:27', '2026-06-22 06:12:27'),
(722, 22, 'ER022', 'EQUIPO DE TRANSPORTE', 'CUENTA DE EQUIPO DE TRANSPORTE PARA LA EMPRESA RIC2', 'DEUDORA', 'FONDEADORA', 714, 1, 0, 0.00, '3', '22-001-002-008', 'ER022', 714, 702, 714, NULL, 1, '2026-06-22 06:12:27', 22, 0, 0, NULL, NULL, NULL, '2026-06-22 06:12:27', '2026-06-22 06:12:27'),
(723, 22, 'DT022', 'DEPRECIACION DE EQUIPO DE TRANSPORTE', 'CUENTA DE DEPRECIACION DE EQUIPO DE TRANSPORTE PARA LA EMPRESA RIC2', 'ACREEDORA', 'FONDEADORA', 714, 1, 0, 0.00, '3', '22-001-002-009', 'DT022', 714, 702, 714, NULL, 1, '2026-06-22 06:12:27', 22, 0, 0, NULL, NULL, NULL, '2026-06-22 06:12:27', '2026-06-22 06:12:27'),
(724, 22, 'CD022', 'ACTIVO DIFERIDO', 'CUENTA DE ACTIVO DIFERIDO PARA LA EMPRESA RIC2', NULL, 'FONDEADORA', 703, 1, 0, 0.00, '2', '22-001-003', 'CD022', 703, 702, NULL, NULL, 1, '2026-06-22 06:12:27', 22, 0, 0, NULL, NULL, NULL, '2026-06-22 06:12:27', '2026-06-22 06:12:27'),
(725, 22, 'GO022', 'GASTOS DE ORGANIZACION', 'CUENTA DE GASTOS DE ORGANIZACION PARA LA EMPRESA RIC2', 'DEUDORA', 'FONDEADORA', 724, 1, 0, 0.00, '3', '22-001-003-001', 'GO022', 724, 702, 724, NULL, 1, '2026-06-22 06:12:27', 22, 0, 0, NULL, NULL, NULL, '2026-06-22 06:12:27', '2026-06-23 20:51:05'),
(726, 22, 'AG022', 'AMORTIZACION DE GASTOS DE ORGANIZACION', 'CUENTA DE AMORTIZACION DE GASTOS DE ORGANIZACION PARA LA EMPRESA RIC2', 'ACREEDORA', 'FONDEADORA', 724, 1, 0, 0.00, '3', '22-001-003-002', 'AG022', 724, 702, 724, NULL, 1, '2026-06-22 06:12:27', 22, 0, 0, NULL, NULL, NULL, '2026-06-22 06:12:27', '2026-06-22 06:12:27'),
(727, 22, 'AN022', 'PAGOS POR ANTICIPADO', 'CUENTA DE PAGOS POR ANTICIPADO PARA LA EMPRESA RIC2', 'DEUDORA', 'FONDEADORA', 724, 1, 0, 0.00, '3', '22-001-003-003', 'AN022', 724, 702, 724, NULL, 1, '2026-06-22 06:12:27', 22, 0, 0, NULL, NULL, NULL, '2026-06-22 06:12:27', '2026-06-22 06:12:27'),
(728, 22, 'IN022', 'INVERSIONES EN ACCIONES', 'CUENTA DE INVERSIONES EN ACCIONES PARA LA EMPRESA RIC2', 'DEUDORA', 'FONDEADORA', 724, 1, 0, 0.00, '3', '22-001-003-004', 'IN022', 724, 702, 724, NULL, 1, '2026-06-22 06:12:27', 22, 0, 0, NULL, NULL, NULL, '2026-06-22 06:12:27', '2026-06-22 06:12:27'),
(729, 22, 'PA022', 'PASIVOS', 'CUENTA DE PASIVOS PARA LA EMPRESA RIC2', NULL, 'FONDEADORA', 702, 1, 0, 0.00, '1', '22-002', 'PA022', 702, 702, NULL, NULL, 1, '2026-06-22 06:12:27', 22, 0, 0, NULL, NULL, NULL, '2026-06-22 06:12:27', '2026-06-22 06:12:27'),
(730, 22, 'PF022', 'PASIVO FIJO', 'CUENTA DE PASIVO FIJO PARA LA EMPRESA RIC2', NULL, 'FONDEADORA', 729, 1, 0, 0.00, '2', '22-002-001', 'PF022', 729, 702, NULL, NULL, 1, '2026-06-22 06:12:27', 22, 0, 0, NULL, NULL, NULL, '2026-06-22 06:12:27', '2026-06-22 06:12:27'),
(731, 22, 'PB022', 'PRESTAMOS BANCARIOS A LARGO PLAZO', 'CUENTA DE PRESTAMOS BANCARIOS A LARGO PLAZO PARA LA EMPRESA RIC2', 'ACREEDORA', 'FONDEADORA', 730, 1, 0, 0.00, '3', '22-002-001-001', 'PB022', 730, 702, 730, NULL, 1, '2026-06-22 06:12:27', 22, 0, 0, NULL, NULL, NULL, '2026-06-22 06:12:27', '2026-06-22 06:12:27'),
(732, 22, 'DX022', 'DOCUMENTOS POR PAGAR LARGO PLAZO', 'CUENTA DE DOCUMENTOS POR PAGAR LARGO PLAZO PARA LA EMPRESA RIC2', 'ACREEDORA', 'FONDEADORA', 730, 1, 0, 0.00, '3', '22-002-001-002', 'DX022', 730, 702, 730, NULL, 1, '2026-06-22 06:12:27', 22, 0, 0, NULL, NULL, NULL, '2026-06-22 06:12:27', '2026-06-22 06:12:27'),
(733, 22, 'PD022', 'PASIVO DIFERIDO', 'CUENTA DE PASIVO DIFERIDO PARA LA EMPRESA RIC2', NULL, 'FONDEADORA', 729, 1, 0, 0.00, '2', '22-002-002', 'PD022', 729, 702, NULL, NULL, 1, '2026-06-22 06:12:27', 22, 0, 0, NULL, NULL, NULL, '2026-06-22 06:12:27', '2026-06-22 06:12:27'),
(734, 22, 'RA022', 'RENTAS COBRADAS ANTICIPADAMENTE', 'CUENTA DE RENTAS COBRADAS ANTICIPADAMENTE PARA LA EMPRESA RIC2', 'ACREEDORA', 'FONDEADORA', 733, 1, 0, 0.00, '3', '22-002-002-001', 'RA022', 733, 702, 733, NULL, 1, '2026-06-22 06:12:27', 22, 0, 0, NULL, NULL, NULL, '2026-06-22 06:12:27', '2026-06-22 06:12:27'),
(735, 22, 'IC022', 'INTERESES COBRADOS ANTICIPADAMENTE', 'CUENTA DE INTERESES COBRADOS ANTICIPADAMENTE PARA LA EMPRESA RIC2', 'ACREEDORA', 'FONDEADORA', 733, 1, 0, 0.00, '3', '22-002-002-002', 'IC022', 733, 702, 733, NULL, 1, '2026-06-22 06:12:27', 22, 0, 0, NULL, NULL, NULL, '2026-06-22 06:12:27', '2026-06-22 06:12:27'),
(736, 22, 'CA022', 'CAPITAL', 'CUENTA DE CAPITAL PARA LA EMPRESA RIC2', NULL, 'FONDEADORA', 702, 1, 0, 479.99, '1', '22-003', 'CA022', 702, 702, NULL, NULL, 1, '2026-06-22 06:12:27', 22, 0, 0, NULL, NULL, NULL, '2026-06-22 06:12:27', '2026-06-30 23:53:09'),
(737, 22, 'CS022', 'CAPITAL SOCIAL', 'CUENTA DE CAPITAL SOCIAL PARA LA EMPRESA RIC2', 'ACREEDORA', 'FONDEADORA', 736, 1, 0, 200.00, '2', '22-003-001', 'CS022', 736, 702, 736, NULL, 1, '2026-06-22 06:12:27', 22, 0, 0, NULL, NULL, NULL, '2026-06-22 06:12:27', '2026-06-27 08:50:35'),
(738, 22, 'FJ022', 'CAPITAL FIJO', 'CUENTA DE CAPITAL FIJO PARA LA EMPRESA RIC2', 'ACREEDORA', 'FONDEADORA', 736, 1, 0, 147.40, '2', '22-003-002', 'FJ022', 736, 702, 736, NULL, 1, '2026-06-22 06:12:27', 22, 0, 0, NULL, NULL, NULL, '2026-06-22 06:12:27', '2026-07-01 00:37:04'),
(739, 22, 'CV022', 'CAPITAL VARIABLE', 'CUENTA DE CAPITAL VARIABLE PARA LA EMPRESA RIC2', 'ACREEDORA', 'FONDEADORA', 736, 1, 0, 0.00, '2', '22-003-003', 'CV022', 736, 702, 736, NULL, 1, '2026-06-22 06:12:27', 22, 0, 0, NULL, NULL, NULL, '2026-06-22 06:12:27', '2026-06-22 06:12:27'),
(740, 22, 'RL022', 'RESERVA LEGAL', 'CUENTA DE RESERVA LEGAL PARA LA EMPRESA RIC2', 'ACREEDORA', 'FONDEADORA', 736, 1, 0, 0.00, '2', '22-003-004', 'RL022', 736, 702, 736, NULL, 1, '2026-06-22 06:12:27', 22, 0, 0, NULL, NULL, NULL, '2026-06-22 06:12:27', '2026-06-22 06:12:27'),
(741, 22, 'EA022', 'RESULTADO DE EJERCICIOS ANTERIORES', 'CUENTA DE RESULTADO DE EJERCICIOS ANTERIORES PARA LA EMPRESA RIC2', 'ACREEDORA', 'FONDEADORA', 736, 1, 0, 0.00, '2', '22-003-005', 'EA022', 736, 702, 736, NULL, 1, '2026-06-22 06:12:27', 22, 0, 0, NULL, NULL, NULL, '2026-06-22 06:12:27', '2026-06-22 06:12:27'),
(742, 22, 'SV022', 'SUPERAVIT', 'CUENTA DE SUPERAVIT PARA LA EMPRESA RIC2', 'ACREEDORA', 'FONDEADORA', 736, 1, 0, 0.00, '2', '22-003-006', 'SV022', 736, 702, 736, NULL, 1, '2026-06-22 06:12:27', 22, 0, 0, NULL, NULL, NULL, '2026-06-22 06:12:27', '2026-06-22 06:12:27'),
(743, 22, 'RE022', 'RESULTADOS', 'CUENTA DE RESULTADOS PARA LA EMPRESA RIC2', NULL, 'RESULTADO', 702, 1, 1, 0.00, '1', '22-004', 'RE022', 702, 702, NULL, NULL, 1, '2026-06-22 06:12:27', 22, 0, 1, NULL, NULL, NULL, '2026-06-22 06:12:27', '2026-06-22 06:12:27'),
(744, 22, 'VT022', 'VENTAS TOTALES', 'CUENTA DE VENTAS TOTALES PARA LA EMPRESA RIC2', 'ACREEDORA', 'RESULTADO', 743, 1, 1, 0.00, '2', '22-004-001', 'VT022', 743, 702, 743, NULL, 1, '2026-06-22 06:12:27', 22, 0, 1, NULL, NULL, NULL, '2026-06-22 06:12:27', '2026-06-22 06:12:27'),
(745, 22, 'DV022', 'DEVOLUCIONES SOBRE VENTAS', 'CUENTA DE DEVOLUCIONES SOBRE VENTAS PARA LA EMPRESA RIC2', 'DEUDORA', 'RESULTADO', 743, 1, 1, 0.00, '2', '22-004-002', 'DV022', 743, 702, 743, NULL, 1, '2026-06-22 06:12:27', 22, 0, 1, NULL, NULL, NULL, '2026-06-22 06:12:27', '2026-06-22 06:12:27'),
(746, 22, 'RV022', 'REBAJAS SOBRE VENTAS', 'CUENTA DE REBAJAS SOBRE VENTAS PARA LA EMPRESA RIC2', 'DEUDORA', 'RESULTADO', 743, 1, 1, 0.00, '2', '22-004-003', 'RV022', 743, 702, 743, NULL, 1, '2026-06-22 06:12:27', 22, 0, 1, NULL, NULL, NULL, '2026-06-22 06:12:27', '2026-06-22 06:12:27'),
(747, 22, 'FN022', 'PRODUCTOS FINANCIEROS', 'CUENTA DE PRODUCTOS FINANCIEROS PARA LA EMPRESA RIC2', 'ACREEDORA', 'RESULTADO', 743, 1, 1, 0.00, '2', '22-004-004', 'FN022', 743, 702, 743, NULL, 1, '2026-06-22 06:12:27', 22, 0, 1, NULL, NULL, NULL, '2026-06-22 06:12:27', '2026-06-22 06:12:27'),
(748, 22, 'OP022', 'OTROS PRODUCTOS', 'CUENTA DE OTROS PRODUCTOS PARA LA EMPRESA RIC2', 'ACREEDORA', 'RESULTADO', 743, 1, 1, 0.00, '2', '22-004-005', 'OP022', 743, 702, 743, NULL, 1, '2026-06-22 06:12:27', 22, 0, 1, NULL, NULL, NULL, '2026-06-22 06:12:27', '2026-06-22 06:12:27'),
(749, 22, 'VN022', 'COSTO DE VENTAS', 'CUENTA DE COSTO DE VENTAS PARA LA EMPRESA RIC2', 'DEUDORA', 'RESULTADO', 743, 1, 1, 0.00, '2', '22-004-006', 'VN022', 743, 702, 743, NULL, 1, '2026-06-22 06:12:27', 22, 0, 1, NULL, NULL, NULL, '2026-06-22 06:12:27', '2026-06-22 06:12:27'),
(750, 22, 'GA022', 'GASTOS DE ADMINISTRACION', 'CUENTA DE GASTOS DE ADMINISTRACION PARA LA EMPRESA RIC2', 'DEUDORA', 'RESULTADO', 743, 1, 1, -20.00, '2', '22-004-007', 'GA022', 743, 702, 743, NULL, 1, '2026-06-22 06:12:27', 22, 0, 1, NULL, NULL, NULL, '2026-06-22 06:12:27', '2026-06-27 23:50:11'),
(751, 22, 'GV022', 'GASTOS DE VENTAS', 'CUENTA DE GASTOS DE VENTAS PARA LA EMPRESA RIC2', 'DEUDORA', 'RESULTADO', 743, 1, 1, 0.00, '2', '22-004-008', 'GV022', 743, 702, 743, NULL, 1, '2026-06-22 06:12:27', 22, 0, 1, NULL, NULL, NULL, '2026-06-22 06:12:27', '2026-06-22 06:12:27'),
(752, 22, 'GF022', 'GASTOS FINANCIEROS', 'CUENTA DE GASTOS FINANCIEROS PARA LA EMPRESA RIC2', 'DEUDORA', 'RESULTADO', 743, 1, 1, 0.00, '2', '22-004-009', 'GF022', 743, 702, 743, NULL, 1, '2026-06-22 06:12:27', 22, 0, 1, NULL, NULL, NULL, '2026-06-22 06:12:27', '2026-06-22 06:12:27'),
(753, 22, 'OG022', 'OTROS GASTOS', 'CUENTA DE OTROS GASTOS PARA LA EMPRESA RIC2', 'DEUDORA', 'RESULTADO', 743, 1, 1, 0.00, '2', '22-004-010', 'OG022', 743, 702, 743, NULL, 1, '2026-06-22 06:12:27', 22, 0, 1, NULL, NULL, NULL, '2026-06-22 06:12:27', '2026-06-22 06:12:27'),
(754, 22, 'PR022', 'PERDIDA INFLACIONARIA', 'CUENTA DE PERDIDA INFLACIONARIA PARA LA EMPRESA RIC2', 'DEUDORA', 'RESULTADO', 743, 1, 1, 0.00, '2', '22-004-011', 'PR022', 743, 702, 743, NULL, 1, '2026-06-22 06:12:27', 22, 0, 1, NULL, NULL, NULL, '2026-06-22 06:12:27', '2026-06-22 06:12:27'),
(755, 22, 'ID022', 'INTERESES DEDUCIBLES', 'CUENTA DE INTERESES DEDUCIBLES PARA LA EMPRESA RIC2', 'DEUDORA', 'RESULTADO', 743, 1, 1, 0.00, '2', '22-004-012', 'ID022', 743, 702, 743, NULL, 1, '2026-06-22 06:12:27', 22, 0, 1, NULL, NULL, NULL, '2026-06-22 06:12:27', '2026-06-22 06:12:27'),
(756, 22, 'GI022', 'GANANCIA INFLACIONARIA', 'CUENTA DE GANANCIA INFLACIONARIA PARA LA EMPRESA RIC2', 'ACREEDORA', 'RESULTADO', 743, 1, 1, 0.00, '2', '22-004-013', 'GI022', 743, 702, 743, NULL, 1, '2026-06-22 06:12:27', 22, 0, 1, NULL, NULL, NULL, '2026-06-22 06:12:27', '2026-06-22 06:12:27'),
(757, 22, 'AM022', 'PERDIDAS POR AMORTIZAR', 'CUENTA DE PERDIDAS POR AMORTIZAR PARA LA EMPRESA RIC2', 'DEUDORA', 'RESULTADO', 743, 1, 1, 0.00, '2', '22-004-014', 'AM022', 743, 702, 743, NULL, 1, '2026-06-22 06:12:27', 22, 0, 1, NULL, NULL, NULL, '2026-06-22 06:12:27', '2026-06-22 06:12:27'),
(758, 22, 'VC022', 'INGRESOS VARIACION CAMBIARIA', 'CUENTA DE INGRESOS VARIACION CAMBIARIA PARA LA EMPRESA RIC2', 'ACREEDORA', 'RESULTADO', 743, 1, 1, 0.00, '2', '22-004-015', 'VC022', 743, 702, 743, NULL, 1, '2026-06-22 06:12:27', 22, 0, 1, NULL, NULL, NULL, '2026-06-22 06:12:27', '2026-06-22 06:12:27'),
(759, 22, 'GC022', 'GASTOS VARIACION CAMBIARIA', 'CUENTA DE GASTOS VARIACION CAMBIARIA PARA LA EMPRESA RIC2', 'DEUDORA', 'RESULTADO', 743, 1, 1, 0.00, '2', '22-004-016', 'GC022', 743, 702, 743, NULL, 1, '2026-06-22 06:12:27', 22, 0, 1, NULL, NULL, NULL, '2026-06-22 06:12:27', '2026-06-22 06:12:27'),
(760, 23, 'SHELDON', 'SHELDON', 'DESCRIPCION DE LA CUENTA PRINCIPAL PARA LA EMPRESA SHELDON', NULL, 'RESULTADO', 760, 1, 0, 0.00, '0', '23', 'SHELDON', NULL, 760, NULL, NULL, 1, '2026-06-22 06:15:41', 23, 0, 0, NULL, NULL, NULL, '2026-06-22 06:15:41', '2026-06-22 06:15:41'),
(761, 23, 'AC023', 'ACTIVOS', 'CUENTA DE ACTIVOS PARA LA EMPRESA SHELDON', NULL, 'FONDEADORA', 760, 1, 0, 0.00, '1', '23-001', 'AC023', 760, 760, NULL, NULL, 1, '2026-06-22 06:15:41', 23, 0, 0, NULL, NULL, NULL, '2026-06-22 06:15:41', '2026-06-22 06:15:41'),
(762, 23, 'CI023', 'ACTIVO CIRCULANTE', 'CUENTA DE ACTIVO CIRCULANTE PARA LA EMPRESA SHELDON', NULL, 'FONDEADORA', 761, 1, 0, 0.00, '2', '23-001-001', 'CI023', 761, 760, NULL, NULL, 1, '2026-06-22 06:15:41', 23, 0, 0, NULL, NULL, NULL, '2026-06-22 06:15:41', '2026-06-22 06:15:41'),
(763, 23, 'CJ023', 'FONDO FIJO DE CAJA', 'CUENTA DE FONDO FIJO DE CAJA PARA LA EMPRESA SHELDON', 'DEUDORA', 'FONDEADORA', 762, 1, 0, 0.00, '3', '23-001-001-001', 'CJ023', 762, 760, 762, NULL, 1, '2026-06-22 06:15:41', 23, 0, 0, NULL, NULL, NULL, '2026-06-22 06:15:41', '2026-06-22 06:15:41'),
(764, 23, 'BC023', 'BANCOS', 'CUENTA DE BANCOS PARA LA EMPRESA SHELDON', 'DEUDORA', 'FONDEADORA', 762, 1, 0, 0.00, '3', '23-001-001-002', 'BC023', 762, 760, 762, NULL, 1, '2026-06-22 06:15:41', 23, 0, 0, NULL, NULL, NULL, '2026-06-22 06:15:41', '2026-06-22 06:15:41'),
(765, 23, 'CL023', 'CLIENTES', 'CUENTA DE CLIENTES PARA LA EMPRESA SHELDON', 'DEUDORA', 'FONDEADORA', 762, 1, 0, 0.00, '3', '23-001-001-003', 'CL023', 762, 760, 762, NULL, 1, '2026-06-22 06:15:41', 23, 0, 0, NULL, NULL, NULL, '2026-06-22 06:15:41', '2026-06-22 06:15:41'),
(766, 23, 'DC023', 'DOCUMENTOS POR COBRAR', 'CUENTA DE DOCUMENTOS POR COBRAR PARA LA EMPRESA SHELDON', 'DEUDORA', 'FONDEADORA', 762, 1, 0, 0.00, '3', '23-001-001-004', 'DC023', 762, 760, 762, NULL, 1, '2026-06-22 06:15:41', 23, 0, 0, NULL, NULL, NULL, '2026-06-22 06:15:41', '2026-06-22 06:15:41'),
(767, 23, 'DD023', 'DEUDORES DIVERSOS', 'CUENTA DE DEUDORES DIVERSOS PARA LA EMPRESA SHELDON', 'DEUDORA', 'FONDEADORA', 762, 1, 0, 0.00, '3', '23-001-001-005', 'DD023', 762, 760, 762, NULL, 1, '2026-06-22 06:15:41', 23, 0, 0, NULL, NULL, NULL, '2026-06-22 06:15:41', '2026-06-22 06:15:41'),
(768, 23, 'FE023', 'FUNCIONARIOS Y EMPLEADOS', 'CUENTA DE FUNCIONARIOS Y EMPLEADOS PARA LA EMPRESA SHELDON', 'DEUDORA', 'FONDEADORA', 762, 1, 0, 0.00, '3', '23-001-001-006', 'FE023', 762, 760, 762, NULL, 1, '2026-06-22 06:15:41', 23, 0, 0, NULL, NULL, NULL, '2026-06-22 06:15:41', '2026-06-22 06:15:41'),
(769, 23, 'IV023', 'IVA ACREDITABLE', 'CUENTA DE IVA ACREDITABLE PARA LA EMPRESA SHELDON', 'DEUDORA', 'FONDEADORA', 762, 1, 0, 0.00, '3', '23-001-001-007', 'IV023', 762, 760, 762, NULL, 1, '2026-06-22 06:15:41', 23, 0, 0, NULL, NULL, NULL, '2026-06-22 06:15:41', '2026-06-22 06:15:41'),
(770, 23, 'AL023', 'ALMACEN', 'CUENTA DE ALMACEN PARA LA EMPRESA SHELDON', 'DEUDORA', 'FONDEADORA', 762, 1, 0, 0.00, '3', '23-001-001-008', 'AL023', 762, 760, 762, NULL, 1, '2026-06-22 06:15:41', 23, 0, 0, NULL, NULL, NULL, '2026-06-22 06:15:41', '2026-06-22 06:15:41'),
(771, 23, 'DE023', 'DEPOSITOS EN GARANTIA', 'CUENTA DE DEPOSITOS EN GARANTIA PARA LA EMPRESA SHELDON', 'DEUDORA', 'FONDEADORA', 762, 1, 0, 0.00, '3', '23-001-001-009', 'DE023', 762, 760, 762, NULL, 1, '2026-06-22 06:15:41', 23, 0, 0, NULL, NULL, NULL, '2026-06-22 06:15:41', '2026-06-22 06:15:41'),
(772, 23, 'FI023', 'ACTIVO FIJO', 'CUENTA DE ACTIVO FIJO PARA LA EMPRESA SHELDON', NULL, 'FONDEADORA', 761, 1, 0, 0.00, '2', '23-001-002', 'FI023', 761, 760, NULL, NULL, 1, '2026-06-22 06:15:41', 23, 0, 0, NULL, NULL, NULL, '2026-06-22 06:15:41', '2026-06-22 06:15:41'),
(773, 23, 'TR023', 'TERRENOS', 'CUENTA DE TERRENOS PARA LA EMPRESA SHELDON', 'DEUDORA', 'FONDEADORA', 772, 1, 0, 0.00, '3', '23-001-002-001', 'TR023', 772, 760, 772, NULL, 1, '2026-06-22 06:15:41', 23, 0, 0, NULL, NULL, NULL, '2026-06-22 06:15:41', '2026-06-22 06:15:41'),
(774, 23, 'ED023', 'EDIFICIOS Y CONSTRUCCIONES', 'CUENTA DE EDIFICIOS Y CONSTRUCCIONES PARA LA EMPRESA SHELDON', 'DEUDORA', 'FONDEADORA', 772, 1, 0, 0.00, '3', '23-001-002-002', 'ED023', 772, 760, 772, NULL, 1, '2026-06-22 06:15:41', 23, 0, 0, NULL, NULL, NULL, '2026-06-22 06:15:41', '2026-06-22 06:15:41'),
(775, 23, 'EC023', 'DEPRECIACION DE EDIFICIOS Y CONSTRUCCIONES', 'CUENTA DE DEPRECIACION DE EDIFICIOS Y CONSTRUCCIONES PARA LA EMPRESA SHELDON', 'ACREEDORA', 'FONDEADORA', 772, 1, 0, 0.00, '3', '23-001-002-003', 'EC023', 772, 760, 772, NULL, 1, '2026-06-22 06:15:41', 23, 0, 0, NULL, NULL, NULL, '2026-06-22 06:15:41', '2026-06-22 06:15:41'),
(776, 23, 'ME023', 'MAQUINARIA Y EQUIPO', 'CUENTA DE MAQUINARIA Y EQUIPO PARA LA EMPRESA SHELDON', 'DEUDORA', 'FONDEADORA', 772, 1, 0, 0.00, '3', '23-001-002-004', 'ME023', 772, 760, 772, NULL, 1, '2026-06-22 06:15:41', 23, 0, 0, NULL, NULL, NULL, '2026-06-22 06:15:41', '2026-06-22 06:15:41'),
(777, 23, 'DY023', 'DEPRECIACION DE MAQUINARIA Y EQUIPO', 'CUENTA DE DEPRECIACION DE MAQUINARIA Y EQUIPO PARA LA EMPRESA SHELDON', 'ACREEDORA', 'FONDEADORA', 772, 1, 0, 0.00, '3', '23-001-002-005', 'DY023', 772, 760, 772, NULL, 1, '2026-06-22 06:15:41', 23, 0, 0, NULL, NULL, NULL, '2026-06-22 06:15:41', '2026-06-22 06:15:41'),
(778, 23, 'EO023', 'EQUIPO DE OFICINA', 'CUENTA DE EQUIPO DE OFICINA PARA LA EMPRESA SHELDON', 'DEUDORA', 'FONDEADORA', 772, 1, 0, 0.00, '3', '23-001-002-006', 'EO023', 772, 760, 772, NULL, 1, '2026-06-22 06:15:41', 23, 0, 0, NULL, NULL, NULL, '2026-06-22 06:15:41', '2026-06-22 06:15:41'),
(779, 23, 'DO023', 'DEPRECIACION DE EQUIPO DE OFICINA', 'CUENTA DE DEPRECIACION DE EQUIPO DE OFICINA PARA LA EMPRESA SHELDON', 'ACREEDORA', 'FONDEADORA', 772, 1, 0, 0.00, '3', '23-001-002-007', 'DO023', 772, 760, 772, NULL, 1, '2026-06-22 06:15:41', 23, 0, 0, NULL, NULL, NULL, '2026-06-22 06:15:41', '2026-06-22 06:15:41'),
(780, 23, 'ER023', 'EQUIPO DE TRANSPORTE', 'CUENTA DE EQUIPO DE TRANSPORTE PARA LA EMPRESA SHELDON', 'DEUDORA', 'FONDEADORA', 772, 1, 0, 0.00, '3', '23-001-002-008', 'ER023', 772, 760, 772, NULL, 1, '2026-06-22 06:15:41', 23, 0, 0, NULL, NULL, NULL, '2026-06-22 06:15:41', '2026-06-22 06:15:41'),
(781, 23, 'DT023', 'DEPRECIACION DE EQUIPO DE TRANSPORTE', 'CUENTA DE DEPRECIACION DE EQUIPO DE TRANSPORTE PARA LA EMPRESA SHELDON', 'ACREEDORA', 'FONDEADORA', 772, 1, 0, 0.00, '3', '23-001-002-009', 'DT023', 772, 760, 772, NULL, 1, '2026-06-22 06:15:41', 23, 0, 0, NULL, NULL, NULL, '2026-06-22 06:15:41', '2026-06-22 06:15:41'),
(782, 23, 'CD023', 'ACTIVO DIFERIDO', 'CUENTA DE ACTIVO DIFERIDO PARA LA EMPRESA SHELDON', NULL, 'FONDEADORA', 761, 1, 0, 0.00, '2', '23-001-003', 'CD023', 761, 760, NULL, NULL, 1, '2026-06-22 06:15:41', 23, 0, 0, NULL, NULL, NULL, '2026-06-22 06:15:41', '2026-06-22 06:15:41'),
(783, 23, 'GO023', 'GASTOS DE ORGANIZACION', 'CUENTA DE GASTOS DE ORGANIZACION PARA LA EMPRESA SHELDON', 'DEUDORA', 'FONDEADORA', 782, 1, 0, 0.00, '3', '23-001-003-001', 'GO023', 782, 760, 782, NULL, 1, '2026-06-22 06:15:41', 23, 0, 0, NULL, NULL, NULL, '2026-06-22 06:15:41', '2026-06-22 06:15:41'),
(784, 23, 'AG023', 'AMORTIZACION DE GASTOS DE ORGANIZACION', 'CUENTA DE AMORTIZACION DE GASTOS DE ORGANIZACION PARA LA EMPRESA SHELDON', 'ACREEDORA', 'FONDEADORA', 782, 1, 0, 0.00, '3', '23-001-003-002', 'AG023', 782, 760, 782, NULL, 1, '2026-06-22 06:15:41', 23, 0, 0, NULL, NULL, NULL, '2026-06-22 06:15:41', '2026-06-22 06:15:41'),
(785, 23, 'AN023', 'PAGOS POR ANTICIPADO', 'CUENTA DE PAGOS POR ANTICIPADO PARA LA EMPRESA SHELDON', 'DEUDORA', 'FONDEADORA', 782, 1, 0, 0.00, '3', '23-001-003-003', 'AN023', 782, 760, 782, NULL, 1, '2026-06-22 06:15:41', 23, 0, 0, NULL, NULL, NULL, '2026-06-22 06:15:41', '2026-06-22 06:15:41'),
(786, 23, 'IN023', 'INVERSIONES EN ACCIONES', 'CUENTA DE INVERSIONES EN ACCIONES PARA LA EMPRESA SHELDON', 'DEUDORA', 'FONDEADORA', 782, 1, 0, 0.00, '3', '23-001-003-004', 'IN023', 782, 760, 782, NULL, 1, '2026-06-22 06:15:41', 23, 0, 0, NULL, NULL, NULL, '2026-06-22 06:15:41', '2026-06-22 06:15:41'),
(787, 23, 'PA023', 'PASIVOS', 'CUENTA DE PASIVOS PARA LA EMPRESA SHELDON', NULL, 'FONDEADORA', 760, 1, 0, 0.00, '1', '23-002', 'PA023', 760, 760, NULL, NULL, 1, '2026-06-22 06:15:41', 23, 0, 0, NULL, NULL, NULL, '2026-06-22 06:15:41', '2026-06-22 06:15:41'),
(788, 23, 'PF023', 'PASIVO FIJO', 'CUENTA DE PASIVO FIJO PARA LA EMPRESA SHELDON', NULL, 'FONDEADORA', 787, 1, 0, 0.00, '2', '23-002-001', 'PF023', 787, 760, NULL, NULL, 1, '2026-06-22 06:15:41', 23, 0, 0, NULL, NULL, NULL, '2026-06-22 06:15:41', '2026-06-22 06:15:41'),
(789, 23, 'PB023', 'PRESTAMOS BANCARIOS A LARGO PLAZO', 'CUENTA DE PRESTAMOS BANCARIOS A LARGO PLAZO PARA LA EMPRESA SHELDON', 'ACREEDORA', 'FONDEADORA', 788, 1, 0, 0.00, '3', '23-002-001-001', 'PB023', 788, 760, 788, NULL, 1, '2026-06-22 06:15:41', 23, 0, 0, NULL, NULL, NULL, '2026-06-22 06:15:41', '2026-06-22 06:15:41'),
(790, 23, 'DX023', 'DOCUMENTOS POR PAGAR LARGO PLAZO', 'CUENTA DE DOCUMENTOS POR PAGAR LARGO PLAZO PARA LA EMPRESA SHELDON', 'ACREEDORA', 'FONDEADORA', 788, 1, 0, 0.00, '3', '23-002-001-002', 'DX023', 788, 760, 788, NULL, 1, '2026-06-22 06:15:41', 23, 0, 0, NULL, NULL, NULL, '2026-06-22 06:15:41', '2026-06-22 06:15:41'),
(791, 23, 'PD023', 'PASIVO DIFERIDO', 'CUENTA DE PASIVO DIFERIDO PARA LA EMPRESA SHELDON', NULL, 'FONDEADORA', 787, 1, 0, 0.00, '2', '23-002-002', 'PD023', 787, 760, NULL, NULL, 1, '2026-06-22 06:15:41', 23, 0, 0, NULL, NULL, NULL, '2026-06-22 06:15:41', '2026-06-22 06:15:41'),
(792, 23, 'RA023', 'RENTAS COBRADAS ANTICIPADAMENTE', 'CUENTA DE RENTAS COBRADAS ANTICIPADAMENTE PARA LA EMPRESA SHELDON', 'ACREEDORA', 'FONDEADORA', 791, 1, 0, 0.00, '3', '23-002-002-001', 'RA023', 791, 760, 791, NULL, 1, '2026-06-22 06:15:41', 23, 0, 0, NULL, NULL, NULL, '2026-06-22 06:15:41', '2026-06-22 06:15:41'),
(793, 23, 'IC023', 'INTERESES COBRADOS ANTICIPADAMENTE', 'CUENTA DE INTERESES COBRADOS ANTICIPADAMENTE PARA LA EMPRESA SHELDON', 'ACREEDORA', 'FONDEADORA', 791, 1, 0, 0.00, '3', '23-002-002-002', 'IC023', 791, 760, 791, NULL, 1, '2026-06-22 06:15:41', 23, 0, 0, NULL, NULL, NULL, '2026-06-22 06:15:41', '2026-06-22 06:15:41'),
(794, 23, 'CA023', 'CAPITAL', 'CUENTA DE CAPITAL PARA LA EMPRESA SHELDON', NULL, 'FONDEADORA', 760, 1, 0, 0.00, '1', '23-003', 'CA023', 760, 760, NULL, NULL, 1, '2026-06-22 06:15:41', 23, 0, 0, NULL, NULL, NULL, '2026-06-22 06:15:41', '2026-06-22 06:15:41'),
(795, 23, 'CS023', 'CAPITAL SOCIAL', 'CUENTA DE CAPITAL SOCIAL PARA LA EMPRESA SHELDON', 'ACREEDORA', 'FONDEADORA', 794, 1, 0, 0.00, '2', '23-003-001', 'CS023', 794, 760, 794, NULL, 1, '2026-06-22 06:15:41', 23, 0, 0, NULL, NULL, NULL, '2026-06-22 06:15:41', '2026-06-22 06:15:41'),
(796, 23, 'FJ023', 'CAPITAL FIJO', 'CUENTA DE CAPITAL FIJO PARA LA EMPRESA SHELDON', 'ACREEDORA', 'FONDEADORA', 794, 1, 0, 0.00, '2', '23-003-002', 'FJ023', 794, 760, 794, NULL, 1, '2026-06-22 06:15:41', 23, 0, 0, NULL, NULL, NULL, '2026-06-22 06:15:41', '2026-06-22 06:15:41'),
(797, 23, 'CV023', 'CAPITAL VARIABLE', 'CUENTA DE CAPITAL VARIABLE PARA LA EMPRESA SHELDON', 'ACREEDORA', 'FONDEADORA', 794, 1, 0, 0.00, '2', '23-003-003', 'CV023', 794, 760, 794, NULL, 1, '2026-06-22 06:15:41', 23, 0, 0, NULL, NULL, NULL, '2026-06-22 06:15:41', '2026-06-22 06:15:41'),
(798, 23, 'RL023', 'RESERVA LEGAL', 'CUENTA DE RESERVA LEGAL PARA LA EMPRESA SHELDON', 'ACREEDORA', 'FONDEADORA', 794, 1, 0, 0.00, '2', '23-003-004', 'RL023', 794, 760, 794, NULL, 1, '2026-06-22 06:15:41', 23, 0, 0, NULL, NULL, NULL, '2026-06-22 06:15:41', '2026-06-22 06:15:41'),
(799, 23, 'EA023', 'RESULTADO DE EJERCICIOS ANTERIORES', 'CUENTA DE RESULTADO DE EJERCICIOS ANTERIORES PARA LA EMPRESA SHELDON', 'ACREEDORA', 'FONDEADORA', 794, 1, 0, 0.00, '2', '23-003-005', 'EA023', 794, 760, 794, NULL, 1, '2026-06-22 06:15:41', 23, 0, 0, NULL, NULL, NULL, '2026-06-22 06:15:41', '2026-06-22 06:15:41'),
(800, 23, 'SV023', 'SUPERAVIT', 'CUENTA DE SUPERAVIT PARA LA EMPRESA SHELDON', 'ACREEDORA', 'FONDEADORA', 794, 1, 0, 0.00, '2', '23-003-006', 'SV023', 794, 760, 794, NULL, 1, '2026-06-22 06:15:41', 23, 0, 0, NULL, NULL, NULL, '2026-06-22 06:15:41', '2026-06-22 06:15:41'),
(801, 23, 'RE023', 'RESULTADOS', 'CUENTA DE RESULTADOS PARA LA EMPRESA SHELDON', NULL, 'RESULTADO', 760, 1, 1, 0.00, '1', '23-004', 'RE023', 760, 760, NULL, NULL, 1, '2026-06-22 06:15:41', 23, 0, 1, NULL, NULL, NULL, '2026-06-22 06:15:41', '2026-06-22 06:15:41'),
(802, 23, 'VT023', 'VENTAS TOTALES', 'CUENTA DE VENTAS TOTALES PARA LA EMPRESA SHELDON', 'ACREEDORA', 'RESULTADO', 801, 1, 1, 0.00, '2', '23-004-001', 'VT023', 801, 760, 801, NULL, 1, '2026-06-22 06:15:41', 23, 0, 1, NULL, NULL, NULL, '2026-06-22 06:15:41', '2026-06-22 06:15:41'),
(803, 23, 'DV023', 'DEVOLUCIONES SOBRE VENTAS', 'CUENTA DE DEVOLUCIONES SOBRE VENTAS PARA LA EMPRESA SHELDON', 'DEUDORA', 'RESULTADO', 801, 1, 1, 0.00, '2', '23-004-002', 'DV023', 801, 760, 801, NULL, 1, '2026-06-22 06:15:41', 23, 0, 1, NULL, NULL, NULL, '2026-06-22 06:15:41', '2026-06-22 06:15:41'),
(804, 23, 'RV023', 'REBAJAS SOBRE VENTAS', 'CUENTA DE REBAJAS SOBRE VENTAS PARA LA EMPRESA SHELDON', 'DEUDORA', 'RESULTADO', 801, 1, 1, 0.00, '2', '23-004-003', 'RV023', 801, 760, 801, NULL, 1, '2026-06-22 06:15:41', 23, 0, 1, NULL, NULL, NULL, '2026-06-22 06:15:41', '2026-06-22 06:15:41'),
(805, 23, 'FN023', 'PRODUCTOS FINANCIEROS', 'CUENTA DE PRODUCTOS FINANCIEROS PARA LA EMPRESA SHELDON', 'ACREEDORA', 'RESULTADO', 801, 1, 1, 0.00, '2', '23-004-004', 'FN023', 801, 760, 801, NULL, 1, '2026-06-22 06:15:41', 23, 0, 1, NULL, NULL, NULL, '2026-06-22 06:15:41', '2026-06-22 06:15:41'),
(806, 23, 'OP023', 'OTROS PRODUCTOS', 'CUENTA DE OTROS PRODUCTOS PARA LA EMPRESA SHELDON', 'ACREEDORA', 'RESULTADO', 801, 1, 1, 0.00, '2', '23-004-005', 'OP023', 801, 760, 801, NULL, 1, '2026-06-22 06:15:41', 23, 0, 1, NULL, NULL, NULL, '2026-06-22 06:15:41', '2026-06-22 06:15:41'),
(807, 23, 'VN023', 'COSTO DE VENTAS', 'CUENTA DE COSTO DE VENTAS PARA LA EMPRESA SHELDON', 'DEUDORA', 'RESULTADO', 801, 1, 1, 0.00, '2', '23-004-006', 'VN023', 801, 760, 801, NULL, 1, '2026-06-22 06:15:41', 23, 0, 1, NULL, NULL, NULL, '2026-06-22 06:15:41', '2026-06-22 06:15:41'),
(808, 23, 'GA023', 'GASTOS DE ADMINISTRACION', 'CUENTA DE GASTOS DE ADMINISTRACION PARA LA EMPRESA SHELDON', 'DEUDORA', 'RESULTADO', 801, 1, 1, 0.00, '2', '23-004-007', 'GA023', 801, 760, 801, NULL, 1, '2026-06-22 06:15:41', 23, 0, 1, NULL, NULL, NULL, '2026-06-22 06:15:41', '2026-06-22 06:15:41'),
(809, 23, 'GV023', 'GASTOS DE VENTAS', 'CUENTA DE GASTOS DE VENTAS PARA LA EMPRESA SHELDON', 'DEUDORA', 'RESULTADO', 801, 1, 1, 0.00, '2', '23-004-008', 'GV023', 801, 760, 801, NULL, 1, '2026-06-22 06:15:41', 23, 0, 1, NULL, NULL, NULL, '2026-06-22 06:15:41', '2026-06-22 06:15:41'),
(810, 23, 'GF023', 'GASTOS FINANCIEROS', 'CUENTA DE GASTOS FINANCIEROS PARA LA EMPRESA SHELDON', 'DEUDORA', 'RESULTADO', 801, 1, 1, 0.00, '2', '23-004-009', 'GF023', 801, 760, 801, NULL, 1, '2026-06-22 06:15:41', 23, 0, 1, NULL, NULL, NULL, '2026-06-22 06:15:41', '2026-06-22 06:15:41'),
(811, 23, 'OG023', 'OTROS GASTOS', 'CUENTA DE OTROS GASTOS PARA LA EMPRESA SHELDON', 'DEUDORA', 'RESULTADO', 801, 1, 1, 0.00, '2', '23-004-010', 'OG023', 801, 760, 801, NULL, 1, '2026-06-22 06:15:41', 23, 0, 1, NULL, NULL, NULL, '2026-06-22 06:15:41', '2026-06-22 06:15:41'),
(812, 23, 'PR023', 'PERDIDA INFLACIONARIA', 'CUENTA DE PERDIDA INFLACIONARIA PARA LA EMPRESA SHELDON', 'DEUDORA', 'RESULTADO', 801, 1, 1, 0.00, '2', '23-004-011', 'PR023', 801, 760, 801, NULL, 1, '2026-06-22 06:15:41', 23, 0, 1, NULL, NULL, NULL, '2026-06-22 06:15:41', '2026-06-22 06:15:41'),
(813, 23, 'ID023', 'INTERESES DEDUCIBLES', 'CUENTA DE INTERESES DEDUCIBLES PARA LA EMPRESA SHELDON', 'DEUDORA', 'RESULTADO', 801, 1, 1, 0.00, '2', '23-004-012', 'ID023', 801, 760, 801, NULL, 1, '2026-06-22 06:15:41', 23, 0, 1, NULL, NULL, NULL, '2026-06-22 06:15:41', '2026-06-22 06:15:41'),
(814, 23, 'GI023', 'GANANCIA INFLACIONARIA', 'CUENTA DE GANANCIA INFLACIONARIA PARA LA EMPRESA SHELDON', 'ACREEDORA', 'RESULTADO', 801, 1, 1, 0.00, '2', '23-004-013', 'GI023', 801, 760, 801, NULL, 1, '2026-06-22 06:15:41', 23, 0, 1, NULL, NULL, NULL, '2026-06-22 06:15:41', '2026-06-22 06:15:41'),
(815, 23, 'AM023', 'PERDIDAS POR AMORTIZAR', 'CUENTA DE PERDIDAS POR AMORTIZAR PARA LA EMPRESA SHELDON', 'DEUDORA', 'RESULTADO', 801, 1, 1, 0.00, '2', '23-004-014', 'AM023', 801, 760, 801, NULL, 1, '2026-06-22 06:15:41', 23, 0, 1, NULL, NULL, NULL, '2026-06-22 06:15:41', '2026-06-22 06:15:41'),
(816, 23, 'VC023', 'INGRESOS VARIACION CAMBIARIA', 'CUENTA DE INGRESOS VARIACION CAMBIARIA PARA LA EMPRESA SHELDON', 'ACREEDORA', 'RESULTADO', 801, 1, 1, 0.00, '2', '23-004-015', 'VC023', 801, 760, 801, NULL, 1, '2026-06-22 06:15:41', 23, 0, 1, NULL, NULL, NULL, '2026-06-22 06:15:41', '2026-06-22 06:15:41'),
(817, 23, 'GC023', 'GASTOS VARIACION CAMBIARIA', 'CUENTA DE GASTOS VARIACION CAMBIARIA PARA LA EMPRESA SHELDON', 'DEUDORA', 'RESULTADO', 801, 1, 1, 0.00, '2', '23-004-016', 'GC023', 801, 760, 801, NULL, 1, '2026-06-22 06:15:41', 23, 0, 1, NULL, NULL, NULL, '2026-06-22 06:15:41', '2026-06-22 06:15:41'),
(818, 22, 'COD23', 'Productos desconocidos', 'AQUI VA LA DESCRIPCIÓN :)', 'DEUDORA', 'FONDEADORA', 748, 0, 1, 0.00, '3', NULL, NULL, NULL, NULL, NULL, NULL, NULL, NULL, NULL, 0, 0, NULL, NULL, NULL, '2026-06-23 08:08:43', '2026-06-23 20:42:51');
INSERT INTO `cuentas` (`id_cuenta`, `id_empresa`, `codigo_cuenta`, `nombre_cuenta`, `descripcion`, `Naturaleza`, `tipo_cuenta`, `id_cuenta_madre`, `en_uso`, `es_cuenta_resultados`, `saldo_inicial`, `nivel`, `indice_c`, `clave_c`, `madre_c`, `empresa_c`, `origen_c`, `depreciacion_c`, `usuario_c`, `fecha_c`, `id_empresa_c`, `fondeo_c`, `cuenta_resultados`, `regimen_c`, `check_resultados`, `check_uso`, `created_at`, `updated_at`) VALUES
(819, 22, 'OLA', 'CAPITAL SUBFIJO', 'NUEVA DESCRIPCIÓN', 'ACREEDORA', 'FONDEADORA', 738, 1, 0, 0.00, '3', NULL, NULL, NULL, NULL, NULL, NULL, NULL, NULL, NULL, 0, 0, NULL, NULL, NULL, '2026-06-23 08:10:20', '2026-06-23 20:44:04'),
(821, 22, 'PRUE1', 'CAJA MAYOR', 'CAJA MAYOR PARA FONDEO EDITADO', 'DEUDORA', 'FONDEADORA', 714, 1, 1, 1217.39, '3', NULL, NULL, NULL, NULL, NULL, NULL, NULL, NULL, NULL, 1, 0, NULL, NULL, NULL, '2026-06-23 23:19:54', '2026-07-01 01:28:32'),
(822, 22, 'PRUEEBA02', 'CUENTA VERIFICADA', 'PRUEBBAAAAAA', 'DEUDORA', 'FONDEADORA', 704, 1, 1, 0.00, '3', NULL, NULL, NULL, NULL, NULL, NULL, NULL, NULL, NULL, 1, 0, NULL, NULL, NULL, '2026-07-01 01:10:09', '2026-07-01 01:10:09'),
(823, 22, 'PRUEBA009', 'PRECIOSO', 'OLAP', 'ACREEDORA', 'RESULTADO', 750, 1, 1, 109.99, '3', NULL, NULL, NULL, NULL, NULL, NULL, NULL, NULL, NULL, 1, 0, NULL, NULL, NULL, '2026-07-01 01:27:21', '2026-07-01 01:28:32');

-- --------------------------------------------------------

--
-- Estructura de tabla para la tabla `cuentas_contables`
--

CREATE TABLE `cuentas_contables` (
  `id` bigint(20) UNSIGNED NOT NULL,
  `codigo_cuenta` varchar(50) NOT NULL,
  `descripcion` varchar(200) NOT NULL,
  `naturaleza` varchar(200) NOT NULL DEFAULT 'DEUDORA',
  `es_cuenta_resultados` tinyint(1) NOT NULL DEFAULT 0,
  `id_cuenta_madre` bigint(20) UNSIGNED DEFAULT NULL,
  `en_uso` tinyint(1) NOT NULL DEFAULT 1,
  `nivel` int(11) NOT NULL DEFAULT 1,
  `created_at` timestamp NULL DEFAULT NULL,
  `updated_at` timestamp NULL DEFAULT NULL
) ENGINE=InnoDB DEFAULT CHARSET=utf8mb4 COLLATE=utf8mb4_unicode_ci;

-- --------------------------------------------------------

--
-- Estructura de tabla para la tabla `documentos_persona`
--

CREATE TABLE `documentos_persona` (
  `id` bigint(20) UNSIGNED NOT NULL,
  `id_persona` bigint(20) UNSIGNED NOT NULL,
  `titulo` varchar(100) NOT NULL,
  `tipo_documento` varchar(50) NOT NULL,
  `ruta_archivo` varchar(255) NOT NULL,
  `fecha_subida` timestamp NOT NULL DEFAULT current_timestamp(),
  `finalizado` tinyint(1) NOT NULL DEFAULT 0,
  `id_usuario_subio` bigint(20) UNSIGNED NOT NULL,
  `created_at` timestamp NULL DEFAULT NULL,
  `updated_at` timestamp NULL DEFAULT NULL
) ENGINE=InnoDB DEFAULT CHARSET=utf8mb4 COLLATE=utf8mb4_unicode_ci;

--
-- Volcado de datos para la tabla `documentos_persona`
--

INSERT INTO `documentos_persona` (`id`, `id_persona`, `titulo`, `tipo_documento`, `ruta_archivo`, `fecha_subida`, `finalizado`, `id_usuario_subio`, `created_at`, `updated_at`) VALUES
(2, 2, 'INE DEL INDIVIDUO', 'INE', 'documentos/personas/2/1782003940_6a3738e45b539.pdf', '2026-06-21 07:05:40', 0, 1, '2026-06-21 07:05:40', '2026-06-21 07:05:40');

-- --------------------------------------------------------

--
-- Estructura de tabla para la tabla `empresas`
--

CREATE TABLE `empresas` (
  `id` bigint(20) UNSIGNED NOT NULL,
  `nombre_empresa` varchar(150) NOT NULL,
  `rfc` varchar(13) NOT NULL,
  `regimen` varchar(50) DEFAULT NULL COMMENT 'Régimen fiscal',
  `tipo_persona` enum('FISICA','MORAL') NOT NULL DEFAULT 'MORAL' COMMENT 'Tipo de persona',
  `clave` varchar(20) DEFAULT NULL COMMENT 'Clave interna',
  `calle` varchar(100) DEFAULT NULL,
  `numero_exterior` varchar(20) DEFAULT NULL,
  `numero_interior` varchar(20) DEFAULT NULL,
  `colonia` varchar(100) DEFAULT NULL,
  `ciudad` varchar(100) DEFAULT NULL,
  `municipio` varchar(100) DEFAULT NULL,
  `estado` varchar(100) DEFAULT NULL,
  `codigo_postal` varchar(10) DEFAULT NULL,
  `correo` varchar(100) DEFAULT NULL COMMENT 'Correo de contacto',
  `telefono_personal` varchar(20) DEFAULT NULL COMMENT 'Teléfono personal',
  `telefono_trabajo` varchar(20) DEFAULT NULL COMMENT 'Teléfono de trabajo',
  `extension` varchar(10) DEFAULT NULL COMMENT 'Extensión telefónica',
  `representante_nombre` varchar(100) DEFAULT NULL COMMENT 'Nombre del representante',
  `representante_apellido_paterno` varchar(50) DEFAULT NULL COMMENT 'Apellido paterno del representante',
  `representante_apellido_materno` varchar(50) DEFAULT NULL COMMENT 'Apellido materno del representante',
  `representante_rfc` varchar(13) DEFAULT NULL COMMENT 'RFC del representante',
  `representante_curp` varchar(18) DEFAULT NULL COMMENT 'CURP del representante',
  `activo` tinyint(1) NOT NULL DEFAULT 1,
  `fecha_creacion` timestamp NOT NULL DEFAULT current_timestamp(),
  `created_at` timestamp NULL DEFAULT NULL,
  `updated_at` timestamp NULL DEFAULT NULL
) ENGINE=InnoDB DEFAULT CHARSET=utf8mb4 COLLATE=utf8mb4_unicode_ci;

--
-- Volcado de datos para la tabla `empresas`
--

INSERT INTO `empresas` (`id`, `nombre_empresa`, `rfc`, `regimen`, `tipo_persona`, `clave`, `calle`, `numero_exterior`, `numero_interior`, `colonia`, `ciudad`, `municipio`, `estado`, `codigo_postal`, `correo`, `telefono_personal`, `telefono_trabajo`, `extension`, `representante_nombre`, `representante_apellido_paterno`, `representante_apellido_materno`, `representante_rfc`, `representante_curp`, `activo`, `fecha_creacion`, `created_at`, `updated_at`) VALUES
(21, 'PERSONA', 'PER123123123', 'PROER', 'FISICA', 'PERSONA', NULL, NULL, NULL, NULL, NULL, NULL, NULL, NULL, 'PERSON@OLC.OM', '1203981203', '9182739172', '812', NULL, NULL, NULL, NULL, NULL, 0, '2026-06-21 23:49:37', '2026-06-22 05:49:37', '2026-06-27 18:09:35'),
(22, 'RIC2', 'OLA121321231', 'RIC', 'FISICA', 'RIC2', NULL, NULL, NULL, NULL, NULL, NULL, NULL, NULL, 'correo_mod@gola.com', '1231231231', '1231231233', '122', NULL, NULL, NULL, NULL, NULL, 1, '2026-06-22 00:12:27', '2026-06-22 06:12:27', '2026-06-27 18:10:21'),
(23, 'SHELDON', 'SHE213123321', 'SHEL', 'FISICA', 'SHELDON', NULL, NULL, NULL, NULL, NULL, NULL, NULL, NULL, 'SHEL@ola.com', '1029381029', '0912803981', '1290', NULL, NULL, NULL, NULL, NULL, 0, '2026-06-22 00:15:41', '2026-06-22 06:15:41', '2026-06-27 18:09:42');

-- --------------------------------------------------------

--
-- Estructura de tabla para la tabla `empresas_usuarios`
--

CREATE TABLE `empresas_usuarios` (
  `id` bigint(20) UNSIGNED NOT NULL,
  `id_empresa` bigint(20) UNSIGNED NOT NULL,
  `id_usuario` bigint(20) UNSIGNED NOT NULL,
  `fecha_asignacion` timestamp NOT NULL DEFAULT current_timestamp(),
  `created_at` timestamp NULL DEFAULT NULL,
  `updated_at` timestamp NULL DEFAULT NULL
) ENGINE=InnoDB DEFAULT CHARSET=utf8mb4 COLLATE=utf8mb4_unicode_ci;

--
-- Volcado de datos para la tabla `empresas_usuarios`
--

INSERT INTO `empresas_usuarios` (`id`, `id_empresa`, `id_usuario`, `fecha_asignacion`, `created_at`, `updated_at`) VALUES
(16, 21, 1, '2026-06-21 23:49:47', '2026-06-22 05:49:47', '2026-06-22 05:49:47'),
(17, 22, 1, '2026-06-22 00:12:38', '2026-06-22 06:12:38', '2026-06-22 06:12:38'),
(18, 23, 1, '2026-06-22 00:30:00', '2026-06-22 06:30:00', '2026-06-22 06:30:00'),
(19, 22, 4, '2026-06-27 22:19:43', '2026-06-27 22:19:43', '2026-06-27 22:19:43');

-- --------------------------------------------------------

--
-- Estructura de tabla para la tabla `empresas_usuarios_marcadores`
--

CREATE TABLE `empresas_usuarios_marcadores` (
  `id` bigint(20) UNSIGNED NOT NULL,
  `id_empresa_usuario` bigint(20) UNSIGNED NOT NULL,
  `id_marcador` bigint(20) UNSIGNED NOT NULL,
  `ver_todos` tinyint(1) NOT NULL DEFAULT 0,
  `created_at` timestamp NULL DEFAULT NULL,
  `updated_at` timestamp NULL DEFAULT NULL
) ENGINE=InnoDB DEFAULT CHARSET=utf8mb4 COLLATE=utf8mb4_unicode_ci;

-- --------------------------------------------------------

--
-- Estructura de tabla para la tabla `failed_jobs`
--

CREATE TABLE `failed_jobs` (
  `id` bigint(20) UNSIGNED NOT NULL,
  `uuid` varchar(255) NOT NULL,
  `connection` text NOT NULL,
  `queue` text NOT NULL,
  `payload` longtext NOT NULL,
  `exception` longtext NOT NULL,
  `failed_at` timestamp NOT NULL DEFAULT current_timestamp()
) ENGINE=InnoDB DEFAULT CHARSET=utf8mb4 COLLATE=utf8mb4_unicode_ci;

-- --------------------------------------------------------

--
-- Estructura de tabla para la tabla `jobs`
--

CREATE TABLE `jobs` (
  `id` bigint(20) UNSIGNED NOT NULL,
  `queue` varchar(255) NOT NULL,
  `payload` longtext NOT NULL,
  `attempts` tinyint(3) UNSIGNED NOT NULL,
  `reserved_at` int(10) UNSIGNED DEFAULT NULL,
  `available_at` int(10) UNSIGNED NOT NULL,
  `created_at` int(10) UNSIGNED NOT NULL
) ENGINE=InnoDB DEFAULT CHARSET=utf8mb4 COLLATE=utf8mb4_unicode_ci;

-- --------------------------------------------------------

--
-- Estructura de tabla para la tabla `job_batches`
--

CREATE TABLE `job_batches` (
  `id` varchar(255) NOT NULL,
  `name` varchar(255) NOT NULL,
  `total_jobs` int(11) NOT NULL,
  `pending_jobs` int(11) NOT NULL,
  `failed_jobs` int(11) NOT NULL,
  `failed_job_ids` longtext NOT NULL,
  `options` mediumtext DEFAULT NULL,
  `cancelled_at` int(11) DEFAULT NULL,
  `created_at` int(11) NOT NULL,
  `finished_at` int(11) DEFAULT NULL
) ENGINE=InnoDB DEFAULT CHARSET=utf8mb4 COLLATE=utf8mb4_unicode_ci;

-- --------------------------------------------------------

--
-- Estructura de tabla para la tabla `logs_actividad`
--

CREATE TABLE `logs_actividad` (
  `id` bigint(20) UNSIGNED NOT NULL,
  `id_usuario` bigint(20) UNSIGNED NOT NULL,
  `accion` varchar(50) NOT NULL,
  `tabla_afectada` varchar(50) NOT NULL,
  `id_registro_afectado` int(11) DEFAULT NULL,
  `datos_anteriores` longtext CHARACTER SET utf8mb4 COLLATE utf8mb4_bin DEFAULT NULL CHECK (json_valid(`datos_anteriores`)),
  `datos_nuevos` longtext CHARACTER SET utf8mb4 COLLATE utf8mb4_bin DEFAULT NULL CHECK (json_valid(`datos_nuevos`)),
  `ip_origen` varchar(45) DEFAULT NULL,
  `fecha_hora` timestamp NOT NULL DEFAULT current_timestamp(),
  `created_at` timestamp NULL DEFAULT NULL,
  `updated_at` timestamp NULL DEFAULT NULL
) ENGINE=InnoDB DEFAULT CHARSET=utf8mb4 COLLATE=utf8mb4_unicode_ci;

-- --------------------------------------------------------

--
-- Estructura de tabla para la tabla `marcadores`
--

CREATE TABLE `marcadores` (
  `id` bigint(20) UNSIGNED NOT NULL,
  `nombre_marcador` varchar(100) NOT NULL,
  `descripcion` text DEFAULT NULL,
  `activo` tinyint(1) NOT NULL DEFAULT 1,
  `created_at` timestamp NULL DEFAULT NULL,
  `updated_at` timestamp NULL DEFAULT NULL
) ENGINE=InnoDB DEFAULT CHARSET=utf8mb4 COLLATE=utf8mb4_unicode_ci;

--
-- Volcado de datos para la tabla `marcadores`
--

INSERT INTO `marcadores` (`id`, `nombre_marcador`, `descripcion`, `activo`, `created_at`, `updated_at`) VALUES
(1, 'URGENTE', NULL, 1, '2026-06-24 03:15:32', '2026-06-24 03:15:32'),
(2, 'CURACIONES', NULL, 1, '2026-06-26 22:58:37', '2026-06-26 22:58:37'),
(3, 'FISCALES', NULL, 1, '2026-06-27 09:37:02', '2026-06-27 09:37:02'),
(4, 'PAGO DE QUINCENA', NULL, 1, '2026-06-27 11:04:16', '2026-06-27 11:04:16');

-- --------------------------------------------------------

--
-- Estructura de tabla para la tabla `migrations`
--

CREATE TABLE `migrations` (
  `id` int(10) UNSIGNED NOT NULL,
  `migration` varchar(255) NOT NULL,
  `batch` int(11) NOT NULL
) ENGINE=InnoDB DEFAULT CHARSET=utf8mb4 COLLATE=utf8mb4_unicode_ci;

--
-- Volcado de datos para la tabla `migrations`
--

INSERT INTO `migrations` (`id`, `migration`, `batch`) VALUES
(35, '0001_01_01_000000_create_users_table', 1),
(36, '0001_01_01_000001_create_cache_table', 1),
(37, '0001_01_01_000002_create_jobs_table', 1),
(38, '2026_06_18_213859_create_empresas_table', 1),
(39, '2026_06_18_213925_create_cuentas_table', 1),
(40, '2026_06_18_214034_create_marcadores_table', 1),
(41, '2026_06_18_214050_create_cajas_fondo_table', 1),
(42, '2026_06_18_214108_create_cuentas_contables_table', 1),
(43, '2026_06_18_214119_create_personas_table', 1),
(44, '2026_06_18_214145_create_tipos_iva_table', 1),
(45, '2026_06_18_214221_create_empresas_usuarios_table', 1),
(46, '2026_06_18_214229_create_empresas_usuarios_marcadores_table', 1),
(47, '2026_06_18_214243_create_polizas_table', 1),
(48, '2026_06_18_214253_create_movimientos_poliza_table', 1),
(49, '2026_06_18_214302_create_abonos_poliza_table', 1),
(50, '2026_06_18_214317_create_documentos_persona_table', 1),
(51, '2026_06_18_214326_create_logs_actividad_table', 1);

-- --------------------------------------------------------

--
-- Estructura de tabla para la tabla `movimientos_poliza`
--

CREATE TABLE `movimientos_poliza` (
  `id` bigint(20) UNSIGNED NOT NULL,
  `id_poliza` bigint(20) UNSIGNED NOT NULL,
  `id_cuenta` bigint(20) UNSIGNED NOT NULL,
  `id_caja_fondo` bigint(20) UNSIGNED DEFAULT NULL,
  `id_tipo_iva` bigint(20) UNSIGNED DEFAULT NULL,
  `monto_traspaso` int(200) DEFAULT NULL,
  `monto` decimal(15,2) DEFAULT NULL,
  `monto_base` decimal(15,2) NOT NULL DEFAULT 0.00,
  `monto_iva` decimal(15,2) NOT NULL DEFAULT 0.00,
  `monto_iva_cero` decimal(15,2) DEFAULT 0.00 COMMENT 'Monto con IVA 0% (exento)',
  `monto_iva_dieciseis` decimal(15,2) DEFAULT 0.00 COMMENT 'Monto con IVA 16%',
  `iva_dieciseis` decimal(15,2) DEFAULT 0.00 COMMENT 'IVA calculado al 16%',
  `created_at` timestamp NULL DEFAULT NULL,
  `updated_at` timestamp NULL DEFAULT NULL
) ENGINE=InnoDB DEFAULT CHARSET=utf8mb4 COLLATE=utf8mb4_unicode_ci;

--
-- Volcado de datos para la tabla `movimientos_poliza`
--

INSERT INTO `movimientos_poliza` (`id`, `id_poliza`, `id_cuenta`, `id_caja_fondo`, `id_tipo_iva`, `monto_traspaso`, `monto`, `monto_base`, `monto_iva`, `monto_iva_cero`, `monto_iva_dieciseis`, `iva_dieciseis`, `created_at`, `updated_at`) VALUES
(7, 20, 821, 821, 2, 0, 1000.00, 1000.00, 0.00, 0.00, 0.00, 0.00, '2026-06-26 23:08:58', '2026-06-26 23:08:58'),
(8, 21, 706, 821, 2, 0, 99.99, 99.99, 0.00, 0.00, 0.00, 0.00, '2026-06-27 02:43:45', '2026-06-27 02:43:45'),
(9, 22, 717, NULL, 2, 0, 100.00, 100.00, 0.00, 0.00, 0.00, 0.00, '2026-06-27 02:54:20', '2026-06-27 23:49:28'),
(10, 23, 737, 821, 2, 0, 200.00, 200.00, 0.00, 0.00, 0.00, 0.00, '2026-06-27 08:50:35', '2026-06-27 08:50:35'),
(11, 24, 706, 821, 2, 0, 200.00, 200.00, 0.00, 0.00, 0.00, 0.00, '2026-06-27 09:19:26', '2026-06-27 09:19:26'),
(12, 25, 738, NULL, 2, 0, 100.00, 100.00, 0.00, 0.00, 0.00, 0.00, '2026-06-27 09:37:48', '2026-06-27 23:42:40'),
(13, 26, 717, NULL, 2, 0, 250.00, 250.00, 0.00, 0.00, 0.00, 0.00, '2026-06-27 10:00:03', '2026-06-27 23:49:59'),
(14, 28, 750, 821, NULL, 0, -10.00, -10.00, 0.00, 0.00, 0.00, 0.00, '2026-06-27 11:19:34', '2026-06-27 11:19:34'),
(16, 30, 750, 821, NULL, 0, -10.00, -10.00, 0.00, 0.00, 0.00, 0.00, '2026-06-27 11:19:34', '2026-06-27 11:19:34'),
(17, 31, 821, NULL, NULL, 0, -100.00, -100.00, 0.00, 0.00, 0.00, 0.00, '2026-06-27 11:29:58', '2026-06-27 11:29:58'),
(18, 31, 736, NULL, NULL, 0, 100.00, 100.00, 0.00, 0.00, 0.00, 0.00, '2026-06-27 11:29:58', '2026-06-27 11:29:58'),
(19, 32, 736, NULL, NULL, 0, -0.01, -0.01, 0.00, 0.00, 0.00, 0.00, '2026-06-30 18:43:00', '2026-06-30 18:43:00'),
(20, 32, 821, NULL, NULL, 0, 0.01, 0.01, 0.00, 0.00, 0.00, 0.00, '2026-06-30 18:43:00', '2026-06-30 18:43:00'),
(21, 33, 821, NULL, 3, 50, 0.00, 0.00, 0.00, 0.00, 0.00, 0.00, '2026-06-30 18:53:32', '2026-06-30 18:53:32'),
(22, 34, 736, 821, NULL, 380, 0.00, 0.00, 0.00, 0.00, 0.00, 0.00, '2026-06-30 23:53:09', '2026-06-30 23:53:09'),
(23, 36, 821, 821, NULL, NULL, 10.00, 10.00, 0.00, 0.00, 0.00, 0.00, '2026-07-01 00:14:09', '2026-07-01 00:14:09'),
(24, 37, 738, 821, NULL, NULL, 47.40, 45.00, 2.40, 0.00, 0.00, 0.00, '2026-07-01 00:37:04', '2026-07-01 00:37:04'),
(26, 39, 823, 821, 1, NULL, 99.99, 99.99, 0.00, 0.00, 0.00, 0.00, '2026-07-01 01:27:56', '2026-07-01 01:27:56'),
(27, 40, 823, 821, NULL, NULL, 10.00, 10.00, 0.00, 0.00, 0.00, 0.00, '2026-07-01 01:28:32', '2026-07-01 01:28:32');

-- --------------------------------------------------------

--
-- Estructura de tabla para la tabla `password_reset_tokens`
--

CREATE TABLE `password_reset_tokens` (
  `email` varchar(255) NOT NULL,
  `token` varchar(255) NOT NULL,
  `created_at` timestamp NULL DEFAULT NULL
) ENGINE=InnoDB DEFAULT CHARSET=utf8mb4 COLLATE=utf8mb4_unicode_ci;

-- --------------------------------------------------------

--
-- Estructura de tabla para la tabla `personas`
--

CREATE TABLE `personas` (
  `id_persona` bigint(20) UNSIGNED NOT NULL,
  `Nombre` varchar(255) NOT NULL,
  `Paterno` varchar(255) NOT NULL,
  `razon_social` varchar(200) DEFAULT NULL,
  `Materno` varchar(255) NOT NULL,
  `Fecha_nacimiento` date NOT NULL,
  `sexo` enum('MASCULINO','FEMENINO','NO_ESPECIFICADO') DEFAULT 'NO_ESPECIFICADO',
  `rfc` varchar(13) DEFAULT NULL,
  `curp` varchar(18) DEFAULT NULL,
  `telefono` varchar(20) DEFAULT NULL,
  `email` varchar(100) DEFAULT NULL,
  `telefono_particular` varchar(20) DEFAULT NULL,
  `telefono_trabajo` varchar(20) DEFAULT NULL,
  `extension_trabajo` varchar(10) DEFAULT NULL,
  `direccion` text DEFAULT NULL,
  `calle` varchar(150) DEFAULT NULL,
  `numero_exterior` varchar(20) DEFAULT NULL,
  `numero_interior` varchar(20) DEFAULT NULL,
  `colonia` varchar(100) DEFAULT NULL,
  `ciudad` varchar(100) DEFAULT NULL,
  `municipio` varchar(100) DEFAULT NULL,
  `estado` varchar(100) DEFAULT NULL,
  `codigo_postal` varchar(10) DEFAULT NULL,
  `representante_nombre` varchar(100) DEFAULT NULL,
  `representante_paterno` varchar(100) DEFAULT NULL,
  `representante_materno` varchar(100) DEFAULT NULL,
  `representante_fecha_nacimiento` date DEFAULT NULL,
  `representante_sexo` enum('MASCULINO','FEMENINO','NO_ESPECIFICADO') DEFAULT 'NO_ESPECIFICADO',
  `representante_email` varchar(100) DEFAULT NULL,
  `representante_telefono_particular` varchar(20) DEFAULT NULL,
  `representante_telefono_trabajo` varchar(20) DEFAULT NULL,
  `representante_extension_trabajo` varchar(10) DEFAULT NULL,
  `notas` text DEFAULT NULL,
  `tipo_persona` varchar(255) NOT NULL DEFAULT 'FISICA',
  `activo` tinyint(1) NOT NULL DEFAULT 1,
  `created_at` timestamp NULL DEFAULT NULL,
  `updated_at` timestamp NULL DEFAULT NULL
) ENGINE=InnoDB DEFAULT CHARSET=utf8mb4 COLLATE=utf8mb4_unicode_ci;

--
-- Volcado de datos para la tabla `personas`
--

INSERT INTO `personas` (`id_persona`, `Nombre`, `Paterno`, `razon_social`, `Materno`, `Fecha_nacimiento`, `sexo`, `rfc`, `curp`, `telefono`, `email`, `telefono_particular`, `telefono_trabajo`, `extension_trabajo`, `direccion`, `calle`, `numero_exterior`, `numero_interior`, `colonia`, `ciudad`, `municipio`, `estado`, `codigo_postal`, `representante_nombre`, `representante_paterno`, `representante_materno`, `representante_fecha_nacimiento`, `representante_sexo`, `representante_email`, `representante_telefono_particular`, `representante_telefono_trabajo`, `representante_extension_trabajo`, `notas`, `tipo_persona`, `activo`, `created_at`, `updated_at`) VALUES
(2, 'Juan Carlos', 'Perez', NULL, 'Lopez', '2008-06-20', 'NO_ESPECIFICADO', 'PEXJ080620UAN', 'VEEG030513HMSGSSA4', '7775432123', 'correo.prueba@gmail.com', NULL, NULL, NULL, 'DIRECCION INCONCLUSAS', NULL, NULL, NULL, NULL, NULL, NULL, NULL, NULL, NULL, NULL, NULL, NULL, 'NO_ESPECIFICADO', NULL, NULL, NULL, NULL, NULL, 'FISICA', 1, '2026-06-21 05:35:42', '2026-06-21 07:41:58'),
(3, 'Fernanda', 'Ruiz', NULL, 'Cortinez', '2005-01-03', 'NO_ESPECIFICADO', 'RUCF050103NDA', 'HELC900712MMCMEX06', '1298371928', 'correo@ola.com', NULL, NULL, NULL, 'alskdjalksjd', NULL, NULL, NULL, NULL, NULL, NULL, NULL, NULL, NULL, NULL, NULL, NULL, 'NO_ESPECIFICADO', NULL, NULL, NULL, NULL, NULL, 'FISICA', 1, '2026-06-21 07:43:34', '2026-06-27 11:53:07'),
(4, 'GERARDO FERNANDO', 'LOPEZ', NULL, 'LOPEZ', '2005-01-21', 'NO_ESPECIFICADO', 'LOLG050121RDO', 'PEEG030761HULSGGA4', NULL, 'corre@ola.com', '1029831902', '9182739187', '12', NULL, 'De la ceuz', '23', '23', 'San Lucas', 'Jiutepec', 'Jiutepec', 'Morelos', '62573', NULL, NULL, NULL, NULL, 'NO_ESPECIFICADO', NULL, NULL, NULL, NULL, 'Comunicarse oportunamente', 'FISICA', 1, '2026-06-22 01:56:52', '2026-06-23 03:52:11'),
(5, 'JUAN CARLOS', 'GARCíA', NULL, 'TILES', '2000-10-07', 'MASCULINO', 'JUA001009LES', 'FTEG080617YJIMSSAE', NULL, 'correo1230@correo.com', '1290380123', '1902830912', '1023', NULL, 'Av Constitución', '123', '123', 'San Pascual', 'Puebla', 'Puebla', 'Puebla', '65342', 'FERNANDA', 'LOPEZ', 'LOPEZ', '2000-01-03', 'FEMENINO', 'corre@ola.com', '1290381098', '1231231231', '123123', 'Nota rápidas', 'MORAL', 1, '2026-06-22 02:22:51', '2026-06-23 02:21:24');

-- --------------------------------------------------------

--
-- Estructura de tabla para la tabla `polizas`
--

CREATE TABLE `polizas` (
  `id` bigint(20) UNSIGNED NOT NULL,
  `id_empresa` bigint(20) UNSIGNED NOT NULL,
  `folio` varchar(20) NOT NULL,
  `fecha_poliza` timestamp NOT NULL DEFAULT current_timestamp(),
  `fecha_vencimiento` date DEFAULT NULL,
  `fecha_factura` date DEFAULT NULL,
  `numero_factura` varchar(50) DEFAULT NULL,
  `id_marcador` bigint(20) UNSIGNED DEFAULT NULL,
  `tipo_poliza` enum('INGRESO','EGRESO','TRASPASO') NOT NULL DEFAULT 'EGRESO',
  `categoria` enum('FISCAL','NO_FISCAL') NOT NULL DEFAULT 'NO_FISCAL',
  `estatus` varchar(255) NOT NULL DEFAULT 'CAPTURADO',
  `estatus_anterior` varchar(50) DEFAULT NULL,
  `es_por_pagar` tinyint(1) NOT NULL DEFAULT 0,
  `referencia` varchar(100) DEFAULT NULL,
  `nota` text DEFAULT NULL,
  `id_persona` bigint(20) UNSIGNED DEFAULT NULL,
  `id_usuario_creador` bigint(20) UNSIGNED NOT NULL,
  `id_usuario_autorizador` bigint(20) UNSIGNED DEFAULT NULL,
  `id_usuario_revisor` bigint(20) UNSIGNED DEFAULT NULL,
  `fecha_creacion` timestamp NOT NULL DEFAULT current_timestamp(),
  `fecha_autorizacion` timestamp NULL DEFAULT NULL,
  `fecha_abono` timestamp NULL DEFAULT NULL,
  `fecha_liquidacion` timestamp NULL DEFAULT NULL,
  `fecha_revision` timestamp NULL DEFAULT NULL,
  `comentario_revision` text DEFAULT NULL,
  `comentario_autorizacion` text DEFAULT NULL,
  `motivo_rechazo` text DEFAULT NULL,
  `ruta_pdf` varchar(500) DEFAULT NULL,
  `ruta_xml` varchar(500) DEFAULT NULL,
  `nombre_pdf` varchar(255) DEFAULT NULL,
  `nombre_xml` varchar(255) DEFAULT NULL,
  `uuid_factura` varchar(100) DEFAULT NULL,
  `serie_factura` varchar(50) DEFAULT NULL,
  `folio_factura` varchar(50) DEFAULT NULL,
  `created_at` timestamp NULL DEFAULT NULL,
  `updated_at` timestamp NULL DEFAULT NULL
) ENGINE=InnoDB DEFAULT CHARSET=utf8mb4 COLLATE=utf8mb4_unicode_ci;

--
-- Volcado de datos para la tabla `polizas`
--

INSERT INTO `polizas` (`id`, `id_empresa`, `folio`, `fecha_poliza`, `fecha_vencimiento`, `fecha_factura`, `numero_factura`, `id_marcador`, `tipo_poliza`, `categoria`, `estatus`, `estatus_anterior`, `es_por_pagar`, `referencia`, `nota`, `id_persona`, `id_usuario_creador`, `id_usuario_autorizador`, `id_usuario_revisor`, `fecha_creacion`, `fecha_autorizacion`, `fecha_abono`, `fecha_liquidacion`, `fecha_revision`, `comentario_revision`, `comentario_autorizacion`, `motivo_rechazo`, `ruta_pdf`, `ruta_xml`, `nombre_pdf`, `nombre_xml`, `uuid_factura`, `serie_factura`, `folio_factura`, `created_at`, `updated_at`) VALUES
(20, 22, 'P-20260626-WK36vw', '2026-06-26 23:08:58', '2026-07-01', NULL, NULL, 2, 'INGRESO', 'NO_FISCAL', 'ABONADO', NULL, 1, NULL, 'Pago de las curaciones del paciente', 4, 1, NULL, NULL, '2026-06-26 17:08:58', NULL, NULL, NULL, NULL, NULL, NULL, NULL, NULL, NULL, NULL, NULL, NULL, NULL, NULL, '2026-06-26 23:08:58', '2026-06-26 23:08:58'),
(21, 22, 'P-20260626-wGfhbs', '2026-06-27 02:43:45', NULL, NULL, NULL, 2, 'INGRESO', 'NO_FISCAL', 'PENDIENTE', NULL, 0, NULL, 'DURO', 2, 1, NULL, NULL, '2026-06-27 02:43:45', NULL, NULL, NULL, NULL, NULL, NULL, NULL, NULL, NULL, NULL, NULL, NULL, NULL, NULL, '2026-06-27 02:43:45', '2026-06-27 02:43:45'),
(22, 22, 'P-20260626-cbQrh2', '2026-06-27 02:54:20', NULL, NULL, NULL, 2, 'INGRESO', 'NO_FISCAL', 'PENDIENTE', NULL, 0, NULL, 'OLA', 4, 1, NULL, NULL, '2026-06-27 02:54:20', NULL, NULL, NULL, NULL, NULL, NULL, NULL, NULL, NULL, NULL, NULL, NULL, NULL, NULL, '2026-06-27 02:54:20', '2026-06-27 02:54:20'),
(23, 22, 'P-20260627-xEsijE', '2026-06-27 08:50:35', NULL, '2026-06-27', 'A205', 2, 'INGRESO', 'FISCAL', 'PENDIENTE', NULL, 0, NULL, 'PRIMERA FISCAL', 4, 1, NULL, NULL, '2026-06-27 08:50:35', NULL, NULL, NULL, NULL, NULL, NULL, NULL, NULL, NULL, NULL, NULL, NULL, NULL, NULL, '2026-06-27 08:50:35', '2026-06-27 08:50:35'),
(24, 22, 'P-20260627-IbsyjR', '2026-06-27 09:19:26', NULL, '2026-06-27', 'B209', 2, 'INGRESO', 'FISCAL', 'PENDIENTE', NULL, 0, NULL, 'Segunda fiscal', 4, 1, NULL, NULL, '2026-06-27 09:19:26', NULL, NULL, NULL, NULL, NULL, NULL, NULL, NULL, NULL, NULL, NULL, NULL, NULL, NULL, '2026-06-27 09:19:26', '2026-06-27 09:19:26'),
(25, 22, 'P-20260627-J3nZHN', '2026-06-27 09:37:48', NULL, '2026-06-27', 'O090', 3, 'INGRESO', 'FISCAL', 'PENDIENTE', NULL, 0, NULL, 'OLAP', 5, 1, NULL, NULL, '2026-06-27 09:37:48', NULL, NULL, NULL, NULL, NULL, NULL, NULL, NULL, NULL, NULL, NULL, NULL, NULL, NULL, '2026-06-27 09:37:48', '2026-06-27 09:37:48'),
(26, 22, 'P-20260627-7Gk39h', '2026-06-27 10:00:03', NULL, '2026-06-27', 'A982', 2, 'INGRESO', 'FISCAL', 'PENDIENTE', NULL, 0, NULL, 'OLAP MEJORADO', 5, 1, NULL, NULL, '2026-06-27 10:00:03', NULL, NULL, NULL, NULL, NULL, NULL, NULL, 'documentos_fiscales/pdfs/WcDznMYgu9enZ8IEGpaCcIwqU1qQGMU5uXmQo8yO.pdf', NULL, 'CV_GUSTAVO VEGA.pdf', 'XML1.xml', NULL, NULL, NULL, '2026-06-27 10:00:03', '2026-06-27 10:00:03'),
(28, 22, 'P-20260627-weplZT', '2026-06-15 06:00:00', NULL, NULL, NULL, 4, 'EGRESO', 'NO_FISCAL', 'PENDIENTE', NULL, 0, 'NOM-20260627-68FA89', 'Pago de la primera quincena - Sueldo quincenal', 4, 1, NULL, NULL, '2026-06-27 11:19:34', NULL, NULL, NULL, NULL, NULL, NULL, NULL, NULL, NULL, NULL, NULL, NULL, NULL, NULL, '2026-06-27 11:19:34', '2026-06-27 11:19:34'),
(30, 22, 'P-20260627-oNELrT', '2026-06-15 06:00:00', NULL, NULL, NULL, 4, 'EGRESO', 'NO_FISCAL', 'PENDIENTE', NULL, 0, 'NOM-20260627-69A397', 'Pago de la primera quincena - Sueldo quincenal', 2, 1, NULL, NULL, '2026-06-27 11:19:34', NULL, NULL, NULL, NULL, NULL, NULL, NULL, NULL, NULL, NULL, NULL, NULL, NULL, NULL, '2026-06-27 11:19:34', '2026-06-27 11:19:34'),
(31, 22, 'P-20260627-ZZSsaE', '2026-06-27 11:29:58', NULL, NULL, NULL, 3, 'TRASPASO', 'NO_FISCAL', 'PENDIENTE', NULL, 0, NULL, 'Primer traspaso', NULL, 1, NULL, NULL, '2026-06-27 11:29:58', NULL, NULL, NULL, NULL, NULL, NULL, NULL, NULL, NULL, NULL, NULL, NULL, NULL, NULL, '2026-06-27 11:29:58', '2026-06-27 11:29:58'),
(32, 22, 'P-20260630-y49LrY', '2026-06-30 18:43:00', NULL, NULL, NULL, 3, 'TRASPASO', 'NO_FISCAL', 'PENDIENTE', NULL, 0, 'TRASPASO-20260630124300', 'Primer traspaso :P', NULL, 1, NULL, NULL, '2026-06-30 18:43:00', NULL, NULL, NULL, NULL, NULL, NULL, NULL, NULL, NULL, NULL, NULL, NULL, NULL, NULL, '2026-06-30 18:43:00', '2026-06-30 18:43:00'),
(33, 22, 'P-20260630-bQ1GIl', '2026-06-30 18:53:32', NULL, '2026-06-30', 'p098', 3, 'TRASPASO', 'FISCAL', 'PENDIENTE', NULL, 0, 'TRASPASO-20260630125332', 'olip', NULL, 1, NULL, NULL, '2026-06-30 18:53:32', NULL, NULL, NULL, NULL, NULL, NULL, NULL, 'documentos_fiscales/pdfs/qojGwNJSiDhJnSILQ2PpkZWA60VapKgRf9vUPDCj.pdf', NULL, 'RIC - MOVIMIENTOS (1).pdf', 'XML1.xml', NULL, NULL, NULL, '2026-06-30 18:53:32', '2026-06-30 18:53:32'),
(34, 22, 'P-20260630-aKwhXh', '2026-06-30 23:53:09', NULL, NULL, NULL, 1, 'TRASPASO', 'NO_FISCAL', 'PENDIENTE', NULL, 0, 'TRASPASO-20260630175309', 'NUVEO', NULL, 1, NULL, NULL, '2026-06-30 23:53:09', NULL, NULL, NULL, NULL, NULL, NULL, NULL, NULL, NULL, NULL, NULL, NULL, NULL, NULL, '2026-06-30 23:53:09', '2026-06-30 23:53:09'),
(36, 22, 'P-20260630-iWPWjf', '2026-07-01 00:14:09', NULL, NULL, NULL, NULL, 'INGRESO', 'NO_FISCAL', 'CAPTURADO', NULL, 0, NULL, 'PUEBA09', 3, 1, NULL, NULL, '2026-07-01 00:14:09', NULL, NULL, NULL, NULL, NULL, NULL, NULL, NULL, NULL, NULL, NULL, NULL, NULL, NULL, '2026-07-01 00:14:09', '2026-07-01 00:14:09'),
(37, 22, 'P-20260630-wGf3rs', '2026-07-01 00:37:04', NULL, '2026-06-30', 'P090', 2, 'INGRESO', 'FISCAL', 'CAPTURADO', NULL, 0, 'FISCAL-DOBLE-IVA-20260630183704', 'PRUEBA02', 3, 1, NULL, NULL, '2026-07-01 00:37:04', NULL, NULL, NULL, NULL, NULL, NULL, NULL, 'documentos_fiscales/pdfs/lBUZ64Lmeq1c3WeoVgtAIDC53QVgoBu6L8pSuSpv.pdf', NULL, 'movimientos_2026-06-26_14-53-07.pdf', 'XML1.xml', NULL, NULL, NULL, '2026-07-01 00:37:04', '2026-07-01 00:37:04'),
(39, 22, 'P-20260630-n9pjyp', '2026-07-01 01:27:56', NULL, NULL, NULL, 2, 'INGRESO', 'NO_FISCAL', 'CAPTURADO', NULL, 0, 'FISCAL-DOBLE-IVA-20260630183704', 'PRUEBA02\r\nNUEVO', 3, 1, NULL, NULL, '2026-07-01 01:27:56', NULL, NULL, NULL, NULL, NULL, NULL, NULL, NULL, NULL, NULL, NULL, NULL, NULL, NULL, '2026-07-01 01:27:56', '2026-07-01 01:27:56'),
(40, 22, 'P-20260630-nm9yId', '2026-07-01 01:28:32', NULL, NULL, NULL, 2, 'INGRESO', 'NO_FISCAL', 'CAPTURADO', NULL, 0, 'FISCAL-DOBLE-IVA-20260630183704', 'PRUEBA02\r\nNUEVO\r\nOLP', 3, 1, NULL, NULL, '2026-07-01 01:28:32', NULL, NULL, NULL, NULL, NULL, NULL, NULL, NULL, NULL, NULL, NULL, NULL, NULL, NULL, '2026-07-01 01:28:32', '2026-07-01 01:28:32');

-- --------------------------------------------------------

--
-- Estructura de tabla para la tabla `sessions`
--

CREATE TABLE `sessions` (
  `id` varchar(255) NOT NULL,
  `user_id` bigint(20) UNSIGNED DEFAULT NULL,
  `ip_address` varchar(45) DEFAULT NULL,
  `user_agent` text DEFAULT NULL,
  `payload` longtext NOT NULL,
  `last_activity` int(11) NOT NULL
) ENGINE=InnoDB DEFAULT CHARSET=utf8mb4 COLLATE=utf8mb4_unicode_ci;

--
-- Volcado de datos para la tabla `sessions`
--

INSERT INTO `sessions` (`id`, `user_id`, `ip_address`, `user_agent`, `payload`, `last_activity`) VALUES
('5YvvxQBlXTw9TfU4qDTTA8L5aRDrCUlHkVfc92UK', 1, '127.0.0.1', 'Mozilla/5.0 (Windows NT 10.0; Win64; x64) AppleWebKit/537.36 (KHTML, like Gecko) Chrome/148.0.0.0 Safari/537.36 OPR/132.0.0.0 (Edition std-2)', 'YTo2OntzOjY6Il90b2tlbiI7czo0MDoiazR3U01TQTdSZlM3Y3Awd2dEYTdTTXNIeEZjdG5acmc3Y2ZicGo3WCI7czozOiJ1cmwiO2E6MTp7czo4OiJpbnRlbmRlZCI7czozMzoiaHR0cDovL2xvY2FsaG9zdDo4MDAwL21vdmltaWVudG9zIjt9czo5OiJfcHJldmlvdXMiO2E6Mjp7czozOiJ1cmwiO3M6MTM3OiJodHRwOi8vbG9jYWxob3N0OjgwMDAvbW92aW1pZW50b3M/ZW1wcmVzYV9pZD0yMiZtb3N0cmFyX3RvZG9zPWZhbHNlJnNvbG9fZmlzY2FsZXM9ZmFsc2Umc29ydF9ieT1mZWNoYV9wb2xpemEmc29ydF9vcmRlcj1kZXNjJnZpc3RhPW5vcm1hbCI7czo1OiJyb3V0ZSI7czoxNzoibW92aW1pZW50b3MuaW5kZXgiO31zOjY6Il9mbGFzaCI7YToyOntzOjM6Im9sZCI7YTowOnt9czozOiJuZXciO2E6MDp7fX1zOjUwOiJsb2dpbl93ZWJfNTliYTM2YWRkYzJiMmY5NDAxNTgwZjAxNGM3ZjU4ZWE0ZTMwOTg5ZCI7aToxO3M6MTk6ImVtcHJlc2FfbW92aW1pZW50b3MiO3M6MjoiMjIiO30=', 1782871945);

-- --------------------------------------------------------

--
-- Estructura de tabla para la tabla `tipos_iva`
--

CREATE TABLE `tipos_iva` (
  `id` bigint(20) UNSIGNED NOT NULL,
  `nombre` varchar(20) NOT NULL,
  `porcentaje` decimal(5,2) DEFAULT NULL,
  `activo` tinyint(1) NOT NULL DEFAULT 1,
  `created_at` timestamp NULL DEFAULT NULL,
  `updated_at` timestamp NULL DEFAULT NULL
) ENGINE=InnoDB DEFAULT CHARSET=utf8mb4 COLLATE=utf8mb4_unicode_ci;

--
-- Volcado de datos para la tabla `tipos_iva`
--

INSERT INTO `tipos_iva` (`id`, `nombre`, `porcentaje`, `activo`, `created_at`, `updated_at`) VALUES
(1, '0%', 0.00, 1, '2026-06-23 22:20:48', '2026-06-23 22:50:49'),
(2, 'EXENTO', 0.00, 1, '2026-06-23 22:20:48', '2026-06-23 22:50:49'),
(3, '10%', 10.00, 1, '2026-06-23 22:20:48', '2026-06-23 22:50:49'),
(4, '16%', 16.00, 1, '2026-06-23 22:20:48', '2026-06-23 22:50:49');

-- --------------------------------------------------------

--
-- Estructura de tabla para la tabla `users`
--

CREATE TABLE `users` (
  `id` bigint(20) UNSIGNED NOT NULL,
  `name` varchar(255) NOT NULL,
  `email` varchar(255) NOT NULL,
  `email_verified_at` timestamp NULL DEFAULT NULL,
  `password` varchar(255) NOT NULL,
  `remember_token` varchar(100) DEFAULT NULL,
  `created_at` timestamp NULL DEFAULT NULL,
  `updated_at` timestamp NULL DEFAULT NULL
) ENGINE=InnoDB DEFAULT CHARSET=utf8mb4 COLLATE=utf8mb4_unicode_ci;

-- --------------------------------------------------------

--
-- Estructura de tabla para la tabla `usuarios`
--

CREATE TABLE `usuarios` (
  `id_usuario` bigint(20) UNSIGNED NOT NULL,
  `nombre_completo` varchar(150) NOT NULL,
  `nombre_usuario` varchar(50) NOT NULL,
  `email` varchar(100) NOT NULL,
  `password_hash` varchar(255) NOT NULL,
  `telefono` varchar(20) DEFAULT NULL,
  `tipo_usuario` varchar(255) NOT NULL DEFAULT 'CAPTURISTA',
  `activo` tinyint(1) NOT NULL DEFAULT 1,
  `fecha_creacion` timestamp NOT NULL DEFAULT current_timestamp(),
  `ultimo_acceso` timestamp NULL DEFAULT NULL,
  `remember_token` varchar(100) DEFAULT NULL,
  `created_at` timestamp NULL DEFAULT NULL,
  `updated_at` timestamp NULL DEFAULT NULL
) ENGINE=InnoDB DEFAULT CHARSET=utf8mb4 COLLATE=utf8mb4_unicode_ci;

--
-- Volcado de datos para la tabla `usuarios`
--

INSERT INTO `usuarios` (`id_usuario`, `nombre_completo`, `nombre_usuario`, `email`, `password_hash`, `telefono`, `tipo_usuario`, `activo`, `fecha_creacion`, `ultimo_acceso`, `remember_token`, `created_at`, `updated_at`) VALUES
(1, 'Administrador', 'admin', 'admin@admin.com', '$2y$12$GK4SmvZofigdTzlFVF/FLu191qGMKZQ1uTfiRC2xCZmPMXxL/vkPO', NULL, 'SUPERUSUARIO', 1, '2026-06-19 21:22:57', '2026-06-30 21:52:01', NULL, '2026-06-20 03:22:57', '2026-06-30 21:52:01'),
(3, 'Fernando García García', 'fernando_garcia', 'fernando@garcia.com', '$2y$12$HNAdCeaxwidZwre4yXTQUesXFIzzpbUHnFa0vzEHDuJrWHV3xV6H6', '7779080921', 'ADMINISTRADOR', 1, '2026-06-20 19:24:31', '2026-06-21 06:38:11', NULL, '2026-06-21 01:24:31', '2026-06-21 06:38:11'),
(4, 'Luis Perez', 'luis_perez', 'gvegaestrada@gmail.com', '$2y$12$NxLjNhoOVN7x.TKybOiGO.dQWTm1.ktSDzwD8m.GbNNilxdjZ3PDy', '1209381902', 'CAPTURISTA', 1, '2026-06-21 02:34:31', '2026-06-28 00:22:19', 'f9xPWSCT3Npzky2LGs0DIKJ0xRFkPcRdM077YMR39fn7JoFLtYB7mOwZIVQv', '2026-06-21 08:34:31', '2026-06-28 00:22:19');

--
-- Índices para tablas volcadas
--

--
-- Indices de la tabla `abonos_poliza`
--
ALTER TABLE `abonos_poliza`
  ADD PRIMARY KEY (`id`),
  ADD KEY `abonos_poliza_id_poliza_index` (`id_poliza`),
  ADD KEY `abonos_poliza_id_usuario_index` (`id_usuario`),
  ADD KEY `abonos_poliza_fecha_abono_index` (`fecha_abono`);

--
-- Indices de la tabla `cache`
--
ALTER TABLE `cache`
  ADD PRIMARY KEY (`key`),
  ADD KEY `cache_expiration_index` (`expiration`);

--
-- Indices de la tabla `cache_locks`
--
ALTER TABLE `cache_locks`
  ADD PRIMARY KEY (`key`),
  ADD KEY `cache_locks_expiration_index` (`expiration`);

--
-- Indices de la tabla `cajas_fondo`
--
ALTER TABLE `cajas_fondo`
  ADD PRIMARY KEY (`id`);

--
-- Indices de la tabla `cuentas`
--
ALTER TABLE `cuentas`
  ADD PRIMARY KEY (`id_cuenta`),
  ADD UNIQUE KEY `cuentas_empresa_codigo_unique` (`id_empresa`,`codigo_cuenta`),
  ADD KEY `cuentas_empresa_tipo_index` (`id_empresa`,`tipo_cuenta`),
  ADD KEY `cuentas_id_cuenta_madre_index` (`id_cuenta_madre`),
  ADD KEY `cuentas_tipo_cuenta_index` (`tipo_cuenta`),
  ADD KEY `cuentas_en_uso_index` (`en_uso`);

--
-- Indices de la tabla `cuentas_contables`
--
ALTER TABLE `cuentas_contables`
  ADD PRIMARY KEY (`id`),
  ADD KEY `cuentas_contables_id_cuenta_madre_foreign` (`id_cuenta_madre`);

--
-- Indices de la tabla `documentos_persona`
--
ALTER TABLE `documentos_persona`
  ADD PRIMARY KEY (`id`),
  ADD KEY `documentos_persona_id_usuario_subio_foreign` (`id_usuario_subio`),
  ADD KEY `documentos_persona_id_persona_index` (`id_persona`),
  ADD KEY `documentos_persona_tipo_documento_index` (`tipo_documento`),
  ADD KEY `documentos_persona_finalizado_index` (`finalizado`);

--
-- Indices de la tabla `empresas`
--
ALTER TABLE `empresas`
  ADD PRIMARY KEY (`id`);

--
-- Indices de la tabla `empresas_usuarios`
--
ALTER TABLE `empresas_usuarios`
  ADD PRIMARY KEY (`id`),
  ADD UNIQUE KEY `eu_empresa_usuario_unique` (`id_empresa`,`id_usuario`),
  ADD KEY `empresas_usuarios_id_usuario_foreign` (`id_usuario`),
  ADD KEY `eu_empresa_usuario_index` (`id_empresa`,`id_usuario`);

--
-- Indices de la tabla `empresas_usuarios_marcadores`
--
ALTER TABLE `empresas_usuarios_marcadores`
  ADD PRIMARY KEY (`id`),
  ADD UNIQUE KEY `eum_empresa_marcador_unique` (`id_empresa_usuario`,`id_marcador`),
  ADD KEY `empresas_usuarios_marcadores_id_marcador_foreign` (`id_marcador`),
  ADD KEY `eum_empresa_marcador_index` (`id_empresa_usuario`,`id_marcador`);

--
-- Indices de la tabla `failed_jobs`
--
ALTER TABLE `failed_jobs`
  ADD PRIMARY KEY (`id`),
  ADD UNIQUE KEY `failed_jobs_uuid_unique` (`uuid`);

--
-- Indices de la tabla `jobs`
--
ALTER TABLE `jobs`
  ADD PRIMARY KEY (`id`),
  ADD KEY `jobs_queue_index` (`queue`);

--
-- Indices de la tabla `job_batches`
--
ALTER TABLE `job_batches`
  ADD PRIMARY KEY (`id`);

--
-- Indices de la tabla `logs_actividad`
--
ALTER TABLE `logs_actividad`
  ADD PRIMARY KEY (`id`),
  ADD KEY `logs_actividad_id_usuario_index` (`id_usuario`),
  ADD KEY `logs_actividad_accion_index` (`accion`),
  ADD KEY `logs_actividad_tabla_afectada_index` (`tabla_afectada`),
  ADD KEY `logs_actividad_fecha_hora_index` (`fecha_hora`);

--
-- Indices de la tabla `marcadores`
--
ALTER TABLE `marcadores`
  ADD PRIMARY KEY (`id`);

--
-- Indices de la tabla `migrations`
--
ALTER TABLE `migrations`
  ADD PRIMARY KEY (`id`);

--
-- Indices de la tabla `movimientos_poliza`
--
ALTER TABLE `movimientos_poliza`
  ADD PRIMARY KEY (`id`),
  ADD KEY `movimientos_poliza_id_poliza_index` (`id_poliza`),
  ADD KEY `movimientos_poliza_id_cuenta_index` (`id_cuenta`),
  ADD KEY `movimientos_poliza_id_caja_fondo_index` (`id_caja_fondo`);

--
-- Indices de la tabla `password_reset_tokens`
--
ALTER TABLE `password_reset_tokens`
  ADD PRIMARY KEY (`email`);

--
-- Indices de la tabla `personas`
--
ALTER TABLE `personas`
  ADD PRIMARY KEY (`id_persona`);

--
-- Indices de la tabla `polizas`
--
ALTER TABLE `polizas`
  ADD PRIMARY KEY (`id`),
  ADD UNIQUE KEY `polizas_folio_unique` (`folio`),
  ADD KEY `polizas_id_usuario_autorizador_foreign` (`id_usuario_autorizador`),
  ADD KEY `polizas_tipo_poliza_index` (`tipo_poliza`),
  ADD KEY `polizas_categoria_index` (`categoria`),
  ADD KEY `polizas_estatus_index` (`estatus`),
  ADD KEY `polizas_fecha_poliza_index` (`fecha_poliza`),
  ADD KEY `polizas_fecha_vencimiento_index` (`fecha_vencimiento`),
  ADD KEY `polizas_id_persona_index` (`id_persona`),
  ADD KEY `polizas_id_usuario_creador_index` (`id_usuario_creador`),
  ADD KEY `polizas_id_empresa_index` (`id_empresa`),
  ADD KEY `polizas_id_marcador_foreign` (`id_marcador`);

--
-- Indices de la tabla `sessions`
--
ALTER TABLE `sessions`
  ADD PRIMARY KEY (`id`),
  ADD KEY `sessions_user_id_index` (`user_id`),
  ADD KEY `sessions_last_activity_index` (`last_activity`);

--
-- Indices de la tabla `tipos_iva`
--
ALTER TABLE `tipos_iva`
  ADD PRIMARY KEY (`id`);

--
-- Indices de la tabla `users`
--
ALTER TABLE `users`
  ADD PRIMARY KEY (`id`),
  ADD UNIQUE KEY `users_email_unique` (`email`);

--
-- Indices de la tabla `usuarios`
--
ALTER TABLE `usuarios`
  ADD PRIMARY KEY (`id_usuario`),
  ADD UNIQUE KEY `usuarios_nombre_usuario_unique` (`nombre_usuario`),
  ADD UNIQUE KEY `usuarios_email_unique` (`email`);

--
-- AUTO_INCREMENT de las tablas volcadas
--

--
-- AUTO_INCREMENT de la tabla `abonos_poliza`
--
ALTER TABLE `abonos_poliza`
  MODIFY `id` bigint(20) UNSIGNED NOT NULL AUTO_INCREMENT, AUTO_INCREMENT=2;

--
-- AUTO_INCREMENT de la tabla `cajas_fondo`
--
ALTER TABLE `cajas_fondo`
  MODIFY `id` bigint(20) UNSIGNED NOT NULL AUTO_INCREMENT;

--
-- AUTO_INCREMENT de la tabla `cuentas`
--
ALTER TABLE `cuentas`
  MODIFY `id_cuenta` bigint(20) UNSIGNED NOT NULL AUTO_INCREMENT, AUTO_INCREMENT=824;

--
-- AUTO_INCREMENT de la tabla `cuentas_contables`
--
ALTER TABLE `cuentas_contables`
  MODIFY `id` bigint(20) UNSIGNED NOT NULL AUTO_INCREMENT;

--
-- AUTO_INCREMENT de la tabla `documentos_persona`
--
ALTER TABLE `documentos_persona`
  MODIFY `id` bigint(20) UNSIGNED NOT NULL AUTO_INCREMENT, AUTO_INCREMENT=3;

--
-- AUTO_INCREMENT de la tabla `empresas`
--
ALTER TABLE `empresas`
  MODIFY `id` bigint(20) UNSIGNED NOT NULL AUTO_INCREMENT, AUTO_INCREMENT=24;

--
-- AUTO_INCREMENT de la tabla `empresas_usuarios`
--
ALTER TABLE `empresas_usuarios`
  MODIFY `id` bigint(20) UNSIGNED NOT NULL AUTO_INCREMENT, AUTO_INCREMENT=20;

--
-- AUTO_INCREMENT de la tabla `empresas_usuarios_marcadores`
--
ALTER TABLE `empresas_usuarios_marcadores`
  MODIFY `id` bigint(20) UNSIGNED NOT NULL AUTO_INCREMENT;

--
-- AUTO_INCREMENT de la tabla `failed_jobs`
--
ALTER TABLE `failed_jobs`
  MODIFY `id` bigint(20) UNSIGNED NOT NULL AUTO_INCREMENT;

--
-- AUTO_INCREMENT de la tabla `jobs`
--
ALTER TABLE `jobs`
  MODIFY `id` bigint(20) UNSIGNED NOT NULL AUTO_INCREMENT;

--
-- AUTO_INCREMENT de la tabla `logs_actividad`
--
ALTER TABLE `logs_actividad`
  MODIFY `id` bigint(20) UNSIGNED NOT NULL AUTO_INCREMENT;

--
-- AUTO_INCREMENT de la tabla `marcadores`
--
ALTER TABLE `marcadores`
  MODIFY `id` bigint(20) UNSIGNED NOT NULL AUTO_INCREMENT, AUTO_INCREMENT=5;

--
-- AUTO_INCREMENT de la tabla `migrations`
--
ALTER TABLE `migrations`
  MODIFY `id` int(10) UNSIGNED NOT NULL AUTO_INCREMENT, AUTO_INCREMENT=52;

--
-- AUTO_INCREMENT de la tabla `movimientos_poliza`
--
ALTER TABLE `movimientos_poliza`
  MODIFY `id` bigint(20) UNSIGNED NOT NULL AUTO_INCREMENT, AUTO_INCREMENT=28;

--
-- AUTO_INCREMENT de la tabla `personas`
--
ALTER TABLE `personas`
  MODIFY `id_persona` bigint(20) UNSIGNED NOT NULL AUTO_INCREMENT, AUTO_INCREMENT=6;

--
-- AUTO_INCREMENT de la tabla `polizas`
--
ALTER TABLE `polizas`
  MODIFY `id` bigint(20) UNSIGNED NOT NULL AUTO_INCREMENT, AUTO_INCREMENT=41;

--
-- AUTO_INCREMENT de la tabla `tipos_iva`
--
ALTER TABLE `tipos_iva`
  MODIFY `id` bigint(20) UNSIGNED NOT NULL AUTO_INCREMENT, AUTO_INCREMENT=5;

--
-- AUTO_INCREMENT de la tabla `users`
--
ALTER TABLE `users`
  MODIFY `id` bigint(20) UNSIGNED NOT NULL AUTO_INCREMENT;

--
-- AUTO_INCREMENT de la tabla `usuarios`
--
ALTER TABLE `usuarios`
  MODIFY `id_usuario` bigint(20) UNSIGNED NOT NULL AUTO_INCREMENT, AUTO_INCREMENT=5;

--
-- Restricciones para tablas volcadas
--

--
-- Filtros para la tabla `abonos_poliza`
--
ALTER TABLE `abonos_poliza`
  ADD CONSTRAINT `abonos_poliza_id_poliza_foreign` FOREIGN KEY (`id_poliza`) REFERENCES `polizas` (`id`) ON DELETE CASCADE,
  ADD CONSTRAINT `abonos_poliza_id_usuario_foreign` FOREIGN KEY (`id_usuario`) REFERENCES `usuarios` (`id_usuario`) ON DELETE CASCADE;

--
-- Filtros para la tabla `cuentas`
--
ALTER TABLE `cuentas`
  ADD CONSTRAINT `cuentas_id_cuenta_madre_foreign` FOREIGN KEY (`id_cuenta_madre`) REFERENCES `cuentas` (`id_cuenta`) ON DELETE SET NULL,
  ADD CONSTRAINT `cuentas_id_empresa_foreign` FOREIGN KEY (`id_empresa`) REFERENCES `empresas` (`id`) ON DELETE CASCADE;

--
-- Filtros para la tabla `cuentas_contables`
--
ALTER TABLE `cuentas_contables`
  ADD CONSTRAINT `cuentas_contables_id_cuenta_madre_foreign` FOREIGN KEY (`id_cuenta_madre`) REFERENCES `cuentas_contables` (`id`) ON DELETE SET NULL;

--
-- Filtros para la tabla `documentos_persona`
--
ALTER TABLE `documentos_persona`
  ADD CONSTRAINT `documentos_persona_id_persona_foreign` FOREIGN KEY (`id_persona`) REFERENCES `personas` (`id_persona`) ON DELETE CASCADE,
  ADD CONSTRAINT `documentos_persona_id_usuario_subio_foreign` FOREIGN KEY (`id_usuario_subio`) REFERENCES `usuarios` (`id_usuario`) ON DELETE CASCADE;

--
-- Filtros para la tabla `empresas_usuarios`
--
ALTER TABLE `empresas_usuarios`
  ADD CONSTRAINT `empresas_usuarios_id_empresa_foreign` FOREIGN KEY (`id_empresa`) REFERENCES `empresas` (`id`) ON DELETE CASCADE,
  ADD CONSTRAINT `empresas_usuarios_id_usuario_foreign` FOREIGN KEY (`id_usuario`) REFERENCES `usuarios` (`id_usuario`) ON DELETE CASCADE;

--
-- Filtros para la tabla `empresas_usuarios_marcadores`
--
ALTER TABLE `empresas_usuarios_marcadores`
  ADD CONSTRAINT `empresas_usuarios_marcadores_id_empresa_usuario_foreign` FOREIGN KEY (`id_empresa_usuario`) REFERENCES `empresas_usuarios` (`id`) ON DELETE CASCADE,
  ADD CONSTRAINT `empresas_usuarios_marcadores_id_marcador_foreign` FOREIGN KEY (`id_marcador`) REFERENCES `marcadores` (`id`) ON DELETE CASCADE;

--
-- Filtros para la tabla `logs_actividad`
--
ALTER TABLE `logs_actividad`
  ADD CONSTRAINT `logs_actividad_id_usuario_foreign` FOREIGN KEY (`id_usuario`) REFERENCES `usuarios` (`id_usuario`) ON DELETE CASCADE;

--
-- Filtros para la tabla `polizas`
--
ALTER TABLE `polizas`
  ADD CONSTRAINT `polizas_id_empresa_foreign` FOREIGN KEY (`id_empresa`) REFERENCES `empresas` (`id`) ON DELETE CASCADE ON UPDATE CASCADE,
  ADD CONSTRAINT `polizas_id_marcador_foreign` FOREIGN KEY (`id_marcador`) REFERENCES `marcadores` (`id`) ON DELETE SET NULL,
  ADD CONSTRAINT `polizas_id_persona_foreign` FOREIGN KEY (`id_persona`) REFERENCES `personas` (`id_persona`) ON DELETE SET NULL,
  ADD CONSTRAINT `polizas_id_usuario_autorizador_foreign` FOREIGN KEY (`id_usuario_autorizador`) REFERENCES `usuarios` (`id_usuario`) ON DELETE SET NULL,
  ADD CONSTRAINT `polizas_id_usuario_creador_foreign` FOREIGN KEY (`id_usuario_creador`) REFERENCES `usuarios` (`id_usuario`) ON DELETE CASCADE;
COMMIT;

/*!40101 SET CHARACTER_SET_CLIENT=@OLD_CHARACTER_SET_CLIENT */;
/*!40101 SET CHARACTER_SET_RESULTS=@OLD_CHARACTER_SET_RESULTS */;
/*!40101 SET COLLATION_CONNECTION=@OLD_COLLATION_CONNECTION */;
